Responsável,ARTIGO,BIBTEX,Ano,Autores,Conferencia (Local de Publicação),"Repositorio (PubMed Capes, ACM IEEE)",Citações (Google Scholar),"Plataforma (WhatsApp, Telegram, Discord, WeChat, etc)",País,"conjunto de dados utilizados para fazer analise (Não usou, mensagens, entrevistas, coleta, dado fornecido por usuario). survey de outros artigos...",Tamanho do dataset (Se tiver coletado dado direto da rede social),"Tópico  dos dados (Política, Saúde, Outro?)","Quais as características mais internas dessas plataformas que favorecem o espalhamento de desinformação? (por exemplo: ambiente é criptografado, é anonimo, é dificil de rastrear,  não da pra checar veracidade, viraliza muito facil etc etc) Coisas internas aos sistemas do WhatsApp Telegram Etc","Quais os principais problemas externos à plataformas e da sociedade que facilitam o espalhamento de desinformação levantados pelo artigo? Desafios apontados externos ao WhatsApp/Efeitos da desinformação na população (alguns exemplos: caracteristicas da população em geral, sociedade polarizada, topicos polemicos, característica geracionais, entre outros fatores que favorecem o compartilhamento de fake news)","Quais os impactos causados pela desinformação/fake news na nossa sociedade levantados pelo artigo? Quais os problemas causados em consequência da fake news (alguns exemplos: manipulação de eleições (e outras opiniões), deterioramente da saúde, impactos na saúde, educação, tecnologia etc)","O artigo tem alguma Soluções propostas EFETIVA para combate a desinformação? ( Exemplos: Modelo de IA para detecção de desinformação, arquitetura especifica para checar os fatos, colaboração com agencia de fact-checking, mudanças nas diretrizes e funcionamento das plataformas, políticas publicas de combate a desinformação)",Quais os meios de combate à desinformação tem sido aplicado nessas plataformas,OBSERVAÇÕES
Ana Flávia,"“Fake or not, I’m sharing it”: teen perception about disinformation in social networks",zozaya2024fake,2024,"Luisa Dolores Zozaya-Durazo, Charo Sádaba-Chalezquer, Beatriz Feijoo‐Fernández ","Young Consumers - Emerald Insights
",ACM,20,-,Espanha,Não usou,- ,- ,-,Características geracionais (pessoas mais velhas tem maior tendência em espalhar notícias falsas),-,-,Mensagens de aviso exibidas pela rede,Não foca em uma rede específica
Ana Flávia,A Study of Misinformation in WhatsApp groups with a focus on the Brazilian Presidential Elections.,10.1145/3308560.3316738,2019,"Machado, C., Kira, B., Narayanan, V., Kollanyi, B., & Howard, P. ","THEWEBCONF
TheWebConf: The ACM Web Conference",ACM,142,WhatsApp,Brasil,Coletaram mensagens em 130 grupos do WhatsApp,298892 mensagens e 99988 arquivos de mídia,Política," plataforma interpessoal e tende a simular um ambiente mais privado;
ainda não existem meios de monitorar ou rastrear conteúdo, nem de permitir a remoção de conteúdo ilegal.
 mecanismos de controle reduzidos e a fiscalização fraca da lei;","A campanha de Bolsonaro atacou repetidamente os principais veículos de comunicação, rotulando-os como produtores de “fake news”, e defendeu o WhatsApp como um espaço livre, onde os usuários poderiam relatar experiências “em primeira mão” e driblar os vieses dos grandes meios de comunicação ","Polarização política, obstrução do debate público e incentivo a atos de violência política.

",,-,Os vídeos são um recurso importante para a disseminação de conteúdo polarizador e conspiratório. Eles são particularmente eficazes porque são facilmente editáveis e transmitem informações usando imagens carregadas e apelativas.
Helom,"Accost, Accede, or Amplify: Attitudes towards COVID-19 Misinformation on WhatsApp in India",10.1145/3491102.3517588,2022,"Rama Adithya Varanasi, Joyojeet Pal, Aditya Vashistha",Proceedings of the 2022 CHI Conference on Human Factors in Computing Systems,ACM,34,WhatsApp,India,sem dataset,,saúde (covid),O recurso de grupos e as mensagens criptografadas,"polarização política, hierarquia social ( as mensagens eram mais aceitas dependendo disso) ",desentendimento e riscos à saúde,"encontros presenciais, grupos paralelos com especialistas","o texto mostra meios de combates bem limitados, como encontros presenciais, outros grupos urbanos com especialistas",
Helom,Analyzing Textual (Mis)Information Shared in WhatsApp Groups,10.1145/3292522.3326029,2019,"Gustavo Resende, Philipe Melo, Julio C. S. Reis, Marisa Vasconcelos, Jussara M. Almeida, Fabrício Benevenuto",Web Science Conference,ACM,107,WhatsApp,Brasil,Mensagens de grupos públicos,591.162 mensagens,Política,A estrutura dos grupos serem de pequenas comunidades. O uso de gatilhos em correntes sinalizando que mensagens são urgentes e pedindo para compartilhar,"Polarização política, sensacionalismo e alta confiança nas informações internas das comunidades ","Reforçamento da polirização, falsas alegações sobre políticos",é sugerido mecanismos para a detecção de desinformações,Fala sobre a sinalização de varios encaminhamentos da plataforma mas é defendido sua ineficiência ,
Helom,Conversational Agents to Facilitate Deliberation on Harmful Content in WhatsApp Groups,10.1145/3687030,2024,"Dhruv Agarwal (Cornell University, EUA)

Farhana Shahid (Cornell University, EUA)

Aditya Vashistha (Cornell University, EUA)",Proceedings of the ACM on Human-Computer Interaction – CSCW2 (2024),ACM,8,WhatsApp,India,usuários indianos de WhatsApp,21 entrevistas,Aborda temas de maneira geral como política e religião,O artigo destaca a criptografia e a dinâmica dos grupos privados como fatores que permitem a disseminação de conteúdos nocivos. Também cita a falta de moderação,Polarização e hierarquia social,"O artigo menciona danos concretos no mundo real, incluindo manipulação eleitoral, violência por linchamento e mortes relacionadas à saúde devido à desinformação ","O estudo propõe agentes deliberativos baseados em IA para facilitar discussões anônimas em grupo, incentivando a reflexão crítica.",Linhas diretas de checagem de fatos: limitadas a conteúdo factual e com desafios de escalabilidade,
Helom,Helping Fact-Checkers Identify Fake News Stories Shared through Images on WhatsApp,10.1145/3617023.3617045,2023,"Julio C. S. Reis, Philipe Melo, Fabiano Belém, Fabricio Murai, Jussara M. Almeida, Fabricio Benevenuto",WebMedia Conference,ACM,7,WhatsApp,Brasil,Coleta direta de imagens em grupos públicos do WhatsApp ,Dados coletados de grupos públicos do WhatsApp durante eleições de 2018; tamanho exato não especificado,Politica," o artigo menciona características internas do WhatsApp que facilitam a disseminação de desinformação, como a facilidade de formação de grupos baseados em interesses e o encaminhamento de mensagens. Além disso, destaca a natureza descentralizada e privada das comunicações no WhatsApp",o artigo menciona o cenário político polarizado no Brasil durante as eleições de 2018 como um fator externo que facilitou a disseminação de desinformação. Também destaca que grupos de direita foram mais ativos na propagação de notícias falsas.,não detalha muito sobre os impactos sociais ,"o artigo propõe uma solução eficaz: um modelo de aprendizado de máquina (XGBoost) que atribui um 'fakeness score' a imagens compartilhadas no WhatsApp, ajudando agências de fact-checking a priorizar conteúdo suspeito.","O artigo menciona que o WhatsApp implementou medidas para reduzir a disseminação de desinformação, como limitar o número de encaminhamentos de mensagens. No entanto, ressalta que essas medidas são insuficientes",
João Francisco,Countering Misinformation in Private Messaging Groups: Insights From a Fact-checking Chatbot,10.1145/3701189,2025,"TH Lee, SR Fussell",Proceedings of the ACM on Human-Computer Interaction,ACM,1,LINE,Taiwan (China),-,-,-,"Perda de fonte e outros metadados leva a dificuldade de discernir conteúdo falso, Dificuldade em implementar fact checks automáticos/comunitários (estilo tt), impossibildade de diminuir alcançe de contas desinformadoras","Normas sociais quanto a corrigir alguém abertamente, Fatores culturais (respeito a idosos no taiwan), Vulnerabilidade demográfica (idosos)",-,"Limitação de forwarding, Fact-checking crowdsource, ChatBot conversacional anti desinfo (proposta do artigo)",,é sobre o LINE
João Francisco,IARA - An Architectural Model to Assist the Development of Advising Bots for Misinformation Detection,10.1145/3617023.3617046,2023,"M Cacabro, W Franco, JM Monteiro, J Machado",WebMedia,ACM,2,-,-,-,-,Combate,"Falta de moderação, viralidade","Campanhas organizadas de desinfo, capacidade limitada de distinção","erosão da confiabilidade, instabilidade social, ameaças a democracia, ameaças a saúde",Implementação de chat-bots pró ativos na correção de desinformação e na educação digital dos usuários,-,não é um artigo (tese)
João Francisco,WhatsApp and false information: a value-oriented evaluation,10.1145/3424953.3426638,2020,"A Puska, LA Baroni, MC Canal, LSG Piccolo, R Pereira",Brazilian Symposium on Human Factors in Computing Systems,ACM,8,Whatsapp,Brasil,mensagens de 6 usuários,-,Outro,"criptografia, facilidade de encaminhamento, falta de ferramentas de verificação built-in","polarização, confiança em redes ""pessoais"" (grupos)","influencia na política, riscos a saúde","labels de origem, programas de alfabetização digital, controles mais estritos para admins de grupos",limite de forward,
Marcos,On the Globalization of the QAnon Conspiracy Theory Through Telegram,10.1145/3578503.3583603,2023,"Mohamad Hoseini, Philipe Melo, Fabricio Benevenuto, Anja Feldmann, Savvas Zannettou",Proceedings of the 15th ACM Web Science Conference 2023,ACM,87,Telegram,Estados Unidos,Dados de avaliação crowdsourced via MTurk,Não coletou dados diretamente de redes sociais.,Política,"Telegram possui políticas de moderação pouco rigorosas e é atrativo para grupos de conspiracionistas como o QAnon; Possui canais e grupos com suporte a grandes públicos e funcionalidades multimídia; Mensagens podem ser encaminhadas entre grupos com indicação de origem, o que facilita viralização","A radicalização ideológica e popularidade de teorias da conspiração, especialmente ligadas à extrema-direita; Popularização da teoria em países europeus, com maior toxicidade em conteúdos em português e alemão","Incentivo a atos de violência no mundo real, como o ataque ao Capitólio dos EUA; Disseminação de discurso de ódio e ideologias conspiratórias em escala global","Não propõe soluções práticas diretas. O foco é descritivo/analítico, com uso de métodos como análise de toxicidade e modelagem de tópicos para entender a propagação da desinformação","Não propõe soluções práticas diretas. O foco é descritivo/analítico, com uso de métodos como análise de toxicidade e modelagem de tópicos para entender a propagação da desinformação",
Marcos,Seeing Is Believing: Is Video Modality More Powerful in Spreading Fake News via Online Messaging Apps? | Journal of Computer-Mediated Communication | Oxford Academic,10.1093/jcmc/zmab010,2021,"S Shyam Sundar , Maria D Molina , Eugene Cho","Journal of Computer-Mediated Communication, 2021",ACM,167,WhatsApp,Estados Unidos,Não utilizou coleta de dados empíricos diretos,-,Saúde,Criptografia e falta de escrutínio público; Arquitetura de grupos e disseminação comunitária; Peer-to-peer (P2P) e dificuldade de rastreio; Limitação técnica no combate à viralidade,Baixo envolvimento com o tema; Divisão urbano-rural (educação/alfabetização digital); Viés de confirmação e associações prévias; Coletivismo e motivações sociais,Violência física e mortes; Riscos durante crises de saúde; Erosão de processos democráticos; Degradação da confiança social,Sinalização baseada em modalidade; Sinalização baseada em modalidade; Campanhas de alfabetização midiática focadas; Interatividade para promoção de pensamento crítico,Apenas uma medida é citada: Limitação de encaminhamentos,
Marcos,Supervised Learning for Misinformation Detection in WhatsApp,10.1145/3470482.3479641,2021,"Júlio C S Reis, Fabrício Benevenuto",Proceedings of the Brazilian Symposium on Multimedia and the Web,ACM,15,WhatsApp,Brasil,"Coleta direta de mensagens do WhatsApp e posts do Facebook
Checagens de fatos de agências brasileiras.",9.255 mensagens de WhatsApp,Política e Saúde,"O WhatsApp tem comunicação privada e descentralizada, o que dificulta a identificação e rastreamento do conteúdo, além do fato de que a plataforma facilita o compartilhamento em massa por permitir ampla disseminação entre grupos",A polarização política. Grupos de direita foram mais ativos na disseminação e apresentaram maior probabilidade de associar imagens a desinformação,,"O artigo propõe e testa abordagens automáticas de detecção de desinformação baseadas em atributos linguísticos, da imagem, da fonte e do ambiente (como número de compartilhamentos, toxicidade, viés político)","Checagem de fatos, embora limitada por ser manual e não acompanhar o volume de dados; e ferramentas automáticas como apoio",
Renan,"(Mis)Information Dissemination in WhatsApp: Gathering, Analyzing and Countermeasures",10.1145/3308558.3313688,2019,"Gustavo Resende1, Philipe Melo, Hugo Sousa, Johnnatan Messias
Marisa Vasconcelos, Jussara M. Almeida, Fabrício Benevenuto",The World Wide Web Conference,ACM,271,WhatsApp,Brasil,Dataset de nensagens do WhatsApp,mais de 350 mil mensagens coletadas de 127 grupos públicos de WhatsApp,(Política),"O WhatsApp favorece a disseminação de desinformação por ser uma plataforma criptografada, privada e com pouca rastreabilidade, dificultando a detecção e moderação de conteúdo falso. A facilidade de encaminhamento de mensagens, aliada à ausência de verificação de fatos integrada e ao anonimato relativo dos usuários, permite a circulação rápida e ampla de desinformação, inclusive por meio de campanhas coordenadas.",,,,,
Renan,Characterizing Attention Cascades in WhatsApp Groups,10.1145/3292522.3326018,2019,"Caetano, J. A., Magno, G., Gonçalves, M., Almeida, J., Marques-Neto, H. T., & Almeida, V. (2019, June).",Proceedings of the 10th ACM conference on web science. 2019,ACM,45,WhatsApp,Brasil,Coletaram mensagens ,Conjunto com 1.751.054 mensagens de 30.760 usuários em 120 grupos.,Foram coletados dados de grupos focados e não focados em política,"Falta de curadoria algorítmica, ausência de moderação, criptografia de ponta a ponta, estrutura de grupos amplos e uso de função de resposta que permite reativar tópicos e prolongar atenção.","Eventos políticos polarizadores (ex.: eleições de 2018), alta mobilização digital, e uso intenso da plataforma por grupos ideológicos organizados que dominam a atenção nas conversas.","Embora o estudo não foque diretamente nos impactos sociais, ele mostra que falsidades políticas geram maior engajamento, maior viralização e durações mais longas nas conversas — o que pode amplificar efeitos como manipulação da opinião pública.","Não propõe soluções técnicas diretas, mas sugere que entender as características estruturais e temporais das cascatas é um passo essencial para futuras intervenções em plataformas como o WhatsApp.","O artigo não menciona medidas aplicadas pela plataforma, mas utiliza dados de checagens de seis sites brasileiros para classificar mensagens falsas (ex.: Aos Fatos, Lupa, Comprova etc.).",Analisaram as cascatas
Renan,COVID-19 Fake News Detection in Malaysia – A Supervised Approach,10.1145/3587828.3587853,2023,"R Kalaimagal, B Vimala, S Mun Chong",ICSCA '23: Proceedings of the 2023 12th International Conference on Software and Computer Applications,ACM,0,,,,,,,,,,,
Renan,Farewell to Big Data? Studying Misinformation in Mobile Messaging Applications,Rossini04052023,2023,P Rossini,Political Communication,ACM,24,-,-,-,-,Outro,,,,,,
Renan,Misinformation Campaigns through WhatsApp and Telegram in Presidential Elections in Brazil,10.1145/3653325,2024,"FABRÍCIO BENEVENUTO,  PHILIPE MELO",Communications of the ACM,ACM,5,"WhatsApp, Telegram",Brasil," Monitoramento de 350 grupos públicos no WhatsApp e Telegram, análise de conteúdo multimídia compartilhado.","Não especificado com exatidão, mas inclui milhares de mensagens e mídias virais ao longo de várias eleições (2018–2022).",com foco em campanhas eleitorais brasileiras e desinformação política.,"Criptografia, anonimato do autor da mensagem, facilidade de encaminhamento, grupos públicos com links abertos e viralização rápida.","Zero-rating, população com baixa alfabetização digital, polarização política e desconfiança institucional.","Radicalização, atos antidemocráticos (ex: invasão ao Congresso), manipulação eleitoral, ataques à ciência e instituições públicas.",Sistema de detecção com hashes locais em dispositivos para bloquear envio de conteúdos já desmentidos; colaboração com TSE e redes de fact-checking.,"Limites de encaminhamento, etiquetas de “encaminhado”, suspensão de contas, e monitoramento de grupos públicos por ferramentas como WhatsApp Monitor.",
Renan,Social Debunking of Misinformation on WhatsApp: The Case for Strong and In-group Ties,10.1145/3512964,2022,"IV Pasquetto, E Jahani, S Atreja, M Baum","Proceedings of the ACM on human-computer interaction, 2022",ACM,63,WhatsApp,"Geral, referencia uso do Wpp na India",Survey experimental + entrevistas e chats com usuários reais do WhatsApp.,"726 respostas válidas (experimento com 1348 na Índia e 1457 no Paquistão, mas filtrado).","Política e saúde (COVID-19), com foco em fact-checking.","Criptografia, ausência de moderação, grupos públicos, e facilidade de compartilhamento em massa.","Desconfiança na mídia tradicional, uso político da plataforma e forte engajamento partidário.","Linchamentos, pânico durante a pandemia, manipulação eleitoral e violência política.",Uso de mensagens de checagem em áudio e envio por laços fortes e membros do mesmo grupo político.,"Limite de encaminhamentos, marcação de mensagens virais, Tip-Lines e ChatBots para fact-checking.",
Ana Flávia,Can WhatsApp Counter Misinformation by Limiting Message Forwarding? | SpringerLink,10.1007/978-3-030-36687-2_31,2019,"Philipe de Freitas Melo, Carolina Coimbra Vieira, Kiran Garimella, Pedro O. S. Vaz de Melo & Fabrí­cio Benevenuto ",Complex Networks and Their Applications VIII ,Capes,71,WhatasApp,"Brasil, Índia e Indonésia",Coletaram as mensagens de grupos públicos,784 mil objetos (mensagens do mesmo tema),Política," A natureza fechada do aplicativo, somada à facilidade de transferir multimídia e compartilhar informações com grupos em grande escala",,,"Sugere: Restringir temporariamente recursos de viralidade (encaminhamento/transmissão) de usuários ou conteúdos suspeitos, especialmente em períodos críticos, como eleições.","Limitações de encaminhamentos: Em situações de alta viralidade (α elevado), é difícil conter a infecção devido às fortes conexões entre os grupos; Entretanto, os limites de encaminhamento e transmissão ajudam a desacelerar a propagação, principalmente em redes maiores, como na Índia; O limite de 256 usuários por grupo impede a criação de megagrupos, mas não impede que o conteúdo atinja grande parte da rede;",
Ana Flávia,Content Analysis of Persuasion Principles in Mobile Instant Message Phishing | SpringerLink,10.1007/978-3-031-38530-8_26,2023,"Rufai Ahmad, Sotirios Terzis & Karen Renaud ",International Symposium on Human Aspects of Information Security and Assurance,Capes,3,"WhatasApp, Telegram e Viber",,Utilizaram dados de outras pessoas,67 prints de mensagens,"""Segurança"", links em que o objetivo é fazer phishing - golpe",Os aplicativos MIM frequentemente carecem de proteções técnicas para proteger os usuários contra mensagens enganosas. A detecção automática de phishing em MIM pode ser desafiadora devido ao uso de criptografia de ponta a ponta em alguns desses aplicativos. Autores em [4] levantaram preocupações sobre o potencial de uso das pré-visualizações de links para enganar os usuários a visitar páginas fraudulentas. Este estudo confirma a exploração dessas pré-visualizações pelos golpistas como uma ferramenta para direcionar vítimas a sites falsos. ,,,,,"Sai um pouco da fake news e vai para um caminho de links maliciosos ou sites fraudulentos -> Para descobrir quais palavras eram mais frequentes nos golpes de phishing analisados, foi utilizada uma técnica de análise de texto com a biblioteca NLTK (Natural Language Toolkit), em Python."
Ana Flávia,Frontiers | Perceived Information Overload and Unverified Information Sharing on WeChat Amid the COVID-19 Pandemic: A Moderated Mediation Model of Anxiety and Perceived Herd,10.3389/fpsyg.2022.837820,2022,"Qing Huang1
*, Sihan Lei1
 and Binbin Ni1,2",Frontiers in Psichology,Capes,58,WeChat,China,Fizeram um questionário - 525 pessoas entrevistadas,,Saúde e sobrecarga de informações no wechat,É fácil de se compartilhar,"A ansiedade em conjunto com a sobrecarga cognitica (muita informação) aumenta o espalhamento de notícias não verificadas, 
ansiedade, efeito manada/efeito manada ""percebida"", ""information overload""","confusão, comportamentos arriscados, erosão da confiabilidade em autoridades","As plataformas de mídia social devem melhorar suas funções de filtragem, como implementar verificadores de fatos eficazes para filtrar uma grande quantidade de desinformação. Com base no histórico de navegação dos usuários, empresas de plataformas podem identificar usuários intensivos que provavelmente sofrem de sobrecarga de informação e configurar um modo de proteção para impedi-los de navegar por muito tempo em postagens relacionadas ao coronavírus",,
Ana Flávia,How Disinformation on WhatsApp Went From Campaign Weapon to Governmental Propaganda in Brazil,doi:10.1177/20563051231160632,2023,"Joao V. S, Samuel C. Woolley, Joseph Straubhaar, Martin J., Katie Joseff, and Jacob Gursky","Social Media + SocietyVolume 9, Issue 1, January 2023",Capes,49,WhatsApp,Brasil,-,-,-,"No WhatsApp, as comunicações são protegidas por criptografia de ponta a ponta, o que impede a verificação de fatos dentro da própria plataforma (Kazemi et al., 2022). Somado à ausência de um feed de notícias, isso dificulta a rastreabilidade da origem das informações. Além disso, as trocas de mensagens ocorrem frequentemente entre contatos próximos, já que as contas estão vinculadas a números de telefone celular (Gursky et al., 2022; Rossini et al., 2021)."," governos usam bots políticos para disseminar mensagens e assediar oponentes, campanhas políticas utilizam propaganda computacional para influenciar votos e difamar adversários durante eleições, e atores políticos organizam campanhas de desinformação para atacar apoiadores dos direitos humanos e jornalistas",Manipulação de eleições,,,
Ana Flávia,Interactive Web App for Fake News Detection | ITM Web of Conferences,refId0,2023,"S Agarwal, M Varun, S Prabakeran","ITM Web of Conferences, 2023",Capes,1,"No resumo, cita o WhatsApss, mas depois só cita Twiter e FaceBook",,Não fala de onde foram tiradas as notícias usadas para o treinamento,-,-,,,,Eles desenvolveram uma aplicação que verifica se uma notícia é falsa ou verdaderia.,,
Ana Flávia,Messaging Apps: A Rising Tool for Informational Autocrats,doi:10.1177/10659129231190932,2024," - Inga K. Trauthig, Zelly C. Martin, Samuel C. Woolley","Political Research QuarterlyVolume 77, Issue 1",Capes,16,"aplicativos de mensagens criptografadas (EMAs), como Signal, Telegram, Viber ou WhatsApp","Egito, Etiópia, Índia, Indonésia, Líbia, México, Marrocos, Myanmar, Filipinas, Turquia e Ucrânia.",Pessoas foram entrevistadas,-,-,"Criptografia,  permitem a disseminação em grande escala de informações",Um contexto político extremo," Mostramos que propagandistas estatais incorporam aplicativos de mensagens com criptografia de ponta a ponta em seu arsenal de repressão digital para ampliar a divulgação de propaganda política, o que contribui para o retrocesso democrático.",,WhatsApp limitou o encaminhamento de mensagens e o tamanho dos grupos . Porém foram criados grupos antes dessas limitações que são usados com fins políticos,"Não está falando só de fake news em si, mas em como essas PMIs são usadas como uma maneira de influência política. "
Ana Flávia,"Sir Model for Fake News Spreading Through Whatsapp by Pooja Khurana, Deepak Kumar :: SSRN",khurana2018sir,2018,"Pooja Khurana, Deepak Kumar","Proceedings of 3rd International Conference on Internet of Things and Connected Technologies (ICIoTCT), 2018 ",Capes,30,WhatsApp,Índia,,,,Criptografia,"A queda nos preços de smartphones nos últimos anos;

A redução nos custos de pacotes de dados de internet.",,,,
Ana Flávia,Tackling fake news in socially mediated public spheres: A comparison of Weibo and WeChat - ScienceDirect,PANG2022102004,2022,"H Pang, J Liu, J Lu","Technology in Society, 2022 - Elsevier",Capes,44,Weibo e WeChat,China,Mensagens/ postagens,"252 postagens relacionadas à COVID-19 da conta “WeChat Tencent Myth-buster” (incluindo postagens originais e republicações), e

799 postagens similares da conta “Weibo Rumour Debunking”.
",Saúde - Covid 19,,,,,Acaba que o Governo verifica as postagens e diz o que é ou não verdadeiro. Também existem perfis que são usados para desementir notícias,
Ana Flávia,Use of Chatbots for News Verification | SpringerLink,10.1007/978-981-19-6347-6_12,2023,"B Arias Jiménez, C Rodríguez-Hidalgo, C Mier-Sanmartín, G Coronel-Salas",Communication and Applied Technologies: Proceedings of ICOMTA 2022,Capes,8,,,Testaram com jornalistas a usabilidade da ferramenta,,,,,Impactos/ influência na política,,Basicamente foi desenvolvido um detector de notícias falsas que usa o analisador de fatos do Google. ,Basicamente foi desenvolvido um detector de notícias falsas que usa o analisador de fatos do Google. 
Ana Flávia,WhatsApp audios and the remediation of radio: Disinformation in Brazilian 2018 presidential election | Intellect,kischinhevsky2020whatsapp,2020,"M Kischinhevsky, IM Vieira, JGB dos Santos, V Chagas, MA Freitas, A Aldé","radio journal: international studies in broadcast & audio media, 2020",Capes,18,WhatsApp,Brasil,Coletaram mensagens,"Mais de 1 milhão de mensagens foram coletadas de grupos selecionados entre junho e outubro de 2018 (período eleitoral). Um script foi desenvolvido para descriptografar as mensagens e acessar os áudios. Identificamos 98 mil áudios, principalmente nos formatos MP3 e OGG, que foram então extraídos.",Política,Sua arquitetura privada e criptografada,Políticos pagando para a disseminação de notícias falsas e ataques de ódio no WhatsApp e pessoas usando chips descartáveis,Impactos/ influência na política,,Limites de reencaminhamento de mensagens e com restrições no número máximo de pessoas por grupo,
Helom,A Comparative Study on Various Machine Learning Algorithms for the Prediction of Fake News Detections Using Bring Feed New Data Sets,senthilkumar2023comparative,2023,"G. Senthilkumar, D. Ashok Kumar","International Journal of Scientific Research in Computer Science, Engineering and Information Technology (IJSRCSEIT)",Capes,1,"Twitter, Facebook",India,foi retirado do kaggle,364 amostras,"tópico geral, só fake news",o artigo não discute explicitamente características internas das plataformas ,é mencionado a tendencia das pessoas de compartilhar coisas sem se importar com  a veracidade,"faz referencia aos prejuízos causados por ""missinformations"" mas não cita uma área em especifico "," propõe um modelo de ML ""Passive Aggressive Classifier""",não mencionado ,
Helom,Bias in X (Twitter) and Telegram Based Intelligence Analysis: Exploring Challenges and Potential Mitigating Roles of AI | SN Computer Science,karakikes2024bias,2024,Alexandros Karakikes1 · Panagiotis Alexiadis1 · Konstantinos Kotis1,SN Computer Science,Capes,1,Telegram,Singapura,coleta de dados em grupos de telegram,não tem no texto,"política (Rússica,Ucrânia)",no twitter viés de algoritmos. No telegram a falta de moderação e o fácil acesso em canais,viés de opinião e polarização política,"fala sobre conflitos geopoliticos e ""erosion of trust""",cita o uso de ia para a mitigação dos vieses,fala sobre algumas novas políticas da plataforma e TGeollector,
Helom,Detection of Misinformation About COVID-19 in Brazilian Portuguese WhatsApp Messages | SpringerLink,10.1007/978-3-030-80599-9_18,2021,"Elisabeth Métais • Farid Meziane •
Helmut Horacek • Epaminondas Kapetanios ",26th International Conference on Applications of Natural Language to Information Systems - NLDB,Capes,24,WhatsApp,Brasil,Mensagens de grupos públicos,5.836 mensagens de 236 grupos,saúde (covid),não discute características internas da plataforma,não aborda fatores da sociedade que facilitam a desinformação," menciona impactos na área da saúde como uma preocupação fundamental da desinformação, especialmente durante a covid",propõe o uso de modelos de aprendizado de máquina como uma solução para detectar desinformação em mensagens do WhatsApp,não discute mudanças nas plataformas,
Helom,How to improve the rumor-confutation ability of official rumor-refuting account on social media: A Chinese case study - ScienceDirect,TU2023331,2023,"Yan Tu, Linqi Cheng, Liyi Liu, Zongmin Li, Benjamin Lev",Preprint no SSRN / Computer Communications ,Capes,10,WeChat,China,Coleta direta de 10.253 artigos de 26 contas oficiais de refutação de rumores,10.253 artigos,"Saúde, Política, Sociedade","O texto defende que, a privacidade e a baixa verificação dos chats da plataforma contribui para que as 'missinformations' não sejam detectadas, Privacidade que dificulta monitorament; Falta de verificação prévia; Velocidade de disseminação","""Comportamento do usuário: Falta de verificação individual;
Eventos críticos: Crises amplificam rumores;
Confiança em redes pessoais: Credibilidade atribuída a contatos próximos""",Consequências econômicas e políticas; Perturbação da ordem pública; Riscos à saúde pública: Rumores sobre COVID-19 geram engajamento anormal,"A solução proposta é a avaliação sistemática das contas oficiais com base em critérios claros, para indicar como elas podem melhorar, Otimização de contas oficiais; Personalização por nível administrativo; Método SMAA-AHPSort-II-ITFN","Contas oficiais de desmentidos; Informação autoritária; Políticas governamentais, O artigo descreve medidas já implementadas por órgãos governamentais chineses, como, denuncias e publicação de artigos em um perfil governamental do wechat",
Helom,"Legitimating falsehood in social media: A discourse analysis of political fake news - Ebuka Elias Igwebuike, Lily Chimuanya, 2021",doi:10.1177/1750481320961659,2021,"Ebuka Elias Igwebuike, Lily Chimuanya",Discourse & Communication (SAGE Publications),Capes,94,"WhatsApp (principal), Facebook, Twitter",Nigéria,Coleta direta de 120 postagens falsas (amostragem proposital),120 postagens,Política,"o artigo destaca características internas do WhatsApp, Facebook e Twitter que facilitam a disseminação de desinformação. O WhatsApp é mencionado como a plataforma mais fácil de usar para compartilhar notícias falsas devido a funções como encaminhamento em massa, interações em grupo e compartilhamento de fotos e vídeos","menciona fatores como, a polarização política e a manipulação de eleições na Nigéria","o artigo menciona impactos como a manipulação de eleições, o aumento de tensões étnicas e políticas, e casos específicos, como a morte de duas pessoas devido a uma notícia falsa sobre o Ebola.",artigo não propõe soluções diretas para combater a desinformação. o texto foca mais na análise de estratégias de noticias falsas,"O artigo menciona que o Facebook tentou implementar políticas contra notícias falsas, mas não detalha outras medidas específicas aplicadas pelas plataformas.",
Helom,Weak Supervision for Fake News Detection via Reinforcement Learning | Proceedings of the AAAI Conference on Artificial Intelligence,Wang_Yang_Ma_Xu_Zhong_Deng_Gao_2020,2020," Yaqing Wang, Weifeng Yang, Fenglong Ma, Jin Xu, Bin Zhong, Qiang Deng, Jing Gao",AAAI 2020 – Association for the Advancement of Artificial Intelligence,Capes,12,WeChat,China,Notícias + feedbacks de usuários (WeChat),Não detalhado,Geral,O artigo não aborda especificamente características técnicas das plataformas,Não entra em detalhes,"Pânico social, erosion of trust e perdas financeiras","O artigo propõe o WeFEND, um framework baseado em aprendizado por reforço que usa relatórios dos usuários para rotular notícias não verificadas",O artigo não discute ações diretas das plataformas,
João Francisco,"“Fake Elections”? Cyber Propaganda, Disinformation and the 2017 General Elections in Kenya",Maweu02102019,2019,JM Maweu,African Journalism Studies,Capes,53,"Twitter, Facebook, Whatsapp",Quênia,Análise qualitativa de de textos que circularam nas plataformas em 2017,-,Política,"Viralidade, Bots, Baixa barreira de entrada, Amplificação algoritmica","Polarização política + Empresas (Cambridge Analytica, Aristotle Inc...), Viéses Cognitivos (Alinhamento com visões pré-existentes), Pessoas de 18-35 se informando primariamente por midias sociais, Desconfiança para com Instituições (Alimentado pela polarização e empresas)","Afeta integridade dos resultados de eleições, desconfiança em instituições e mídia, incita Violência, Discurso de ódio","NÃO, (cita leis de proibição de fake news e críticas a elas)",-,difícil afirmar se é sobre uma plat especifica
João Francisco,A study of misinformation in audio messages shared in whatsapp groups,10.1007/978-3-030-87031-7_6,2021,"A Maros, JM Almeida, M Vasconcelos",Multidisciplinary International Symposium on Disinformation in Open Online Media,Capes,17,Whatsapp,Brasil,Mensagens de grupos públicos de whatsapp (emw),43k audios,Geral,Forwarding de mensagens (citação de art. do Philipe),Não discute diretamente,"Polarização, desconfiança em instituições",Não discute diretamente,Não discute diretamente,
João Francisco,Deep reinforcement learning-based approach for rumor influence minimization in social networks,jiang2023deep,2023,"J Jiang, X Chen, Z Huang, X Li, Y Du",Applied Intelligence,Capes,13,-,-,4 datasets diferentes,varia,Combate,Rápido espalhamento de rumores (viralidade),-,"Conflitos políticos, mudanças de opinião pública, desrupção social, Danos a saúde","RLBD, modelo de dRL ",-,não é sobre nenhuma rede específica
João Francisco,Disinformation networks: A quali-quantitative investigation of antagonistic Dutch-speaking Telegram channels,Willaert_Peeters_Seijbel_Van_Raemdonck_2022,2022,"T Willaert, S Peeters, J Seijbel, N Van Raemdonck",First Monday,Capes,28,Telegram,Holanda,mensagens de grupos de Telegram,371k mensagens,Política,"Falta de moderação, Chats one-way, rápido espalhamento (Viralidade)",-,"Ameaças a cientistas, mobilização de protestos",-,Governo holandes ordenou bloqueio de um canal,
João Francisco,Exploring fake news identification using word and sentence embeddings,doi:10.3233/JIFS-189865,2021,"VT Priyanga, JP Sanjanasri, VK Menon, EA Gopalakrishnan, KP Soman",Journal of Intelligent & Fuzzy Systems,Capes,15,-,-,"LIAR, ISOT",varia,Combate,Falta de moderação,-,Desrupção social,Words e Sentence embeddings,-,
João Francisco,Fake News Detection using Machine Learning,kulkarni2021fake,2021,"P Kulkarni, S Karwande, R Keskar","International Conference on Automation, Computing and Communication",Capes,12,-,-,scraping de sites de notícias,-,Combate,"""Não abordado diretamente. O artigo foca no modelo de detecção, sem analisar características específicas de plataformas.

Não há detalhes sobre criptografia, arquitetura ou affordances técnicas.""",Velocidade de disseminação; Presença de bots; Consequências sociais graves;,"Violência (linchamentos, manifestações violentas), Manipulação política: Viés de opinião pública",Classificadores baseados em ML,-,
João Francisco,Connectivity Between Russian Information Sources and Extremist Communities Across Social Media Platforms,10.3389/fpos.2022.885362,2022,"R Leahy, NJ Restrepo, R Sear",Fontiers in Political Science,Capes,7,"Telegram, VK, Gab",Rússia,Dataset autoral baseado em snowball,-,Política,"""Free speech absolutism"", falta de moderação",Influência de Governos,-,-,-,
João Francisco,Interactive mapping of Covid-19 misinformation in Ibero-America,colmenero2023interactive,2023,"MJ Colmenero-Ruiz, FC Paletta, A Gonzales-Aguilar",El profesional de la información,Capes,3,-,"Latam, Espanha, Portugal",Dataset da Chequeado,>5000 fact checks,Outro,-,"Pós verdade, Dr Google","erosão da confiabilidade em profissionais da saúde, riscos a saúde","fact-checking, alfabetização digital",avisos de fact checking,
João Francisco,The Pushshift Telegram Dataset,Baumgartner_Zannettou_Squire_Blackburn_2020,2020,"J Baumgartner, S Zannettou, M Squire",Proceedings of the International AAAI Conference on Web and Social Media,Capes,102,Telegram,-,dataset paper (fizeram o dataset coletando mensagens de 28k canais e 2.2m usuários únicos,317m mensagens,-,"Sem limite de encaminhamento (cita o aritgo do Philipe!), criptografia",,-,-,,
Juan,"#RumorsCOVID-19: Predicting the Forwarding of Online Rumors in Wuhan, China and in Israel - Yaron Ariel, Vered Elishar-Malka, Shuo Seah, Dana Weimann-Saks, Gabriel Weimann, 2022",doi:10.1177/17480485221074848,2022,"Yaron Ariel, Vered Elishar, Dana Weimann saks, Gabriel Weimann.",The International Communication Gazette,Capes,5,Whatsapp e WeChat,Israel,O estudo utilizou dados auto-declarados pelos usuários através de uma pesquisa online (survey) com questionários estruturados,918 participantes no total,rumores online relacionados à pandemia de COVID-19,Velocidade e acessibilidade,"Falta de informação oficial,  Indivíduos com habilidades cognitivas mais fracas tendem a circular rumores online com mais intensidade, Clima Político e Estrutura da Mídia","desafios e implicações socioeconômicas, 
Comportamentos Coletivos Impulsionados pelo Pânico","O artigo não propõe diretamente novas soluções efetivas pelos autores do estudo. No entanto, ele menciona: Regulamentação Governamental, Informação de Contra-Rumor pelas Autoridades e Maturidade das Crenças Epistêmicas dos Usuários",Regulamentação Governamental Direta (China),
Juan,A Taxonomy of Fake News Classification Techniques: Survey and Implementation Aspects | IEEE Journals & Magazine | IEEE Xplore,9734026,2022,"DHIREN ROHERA , HARSHAL SHETHNA1, KEYUR PATEL, URVISH THAKKER, SUDEEP TANWAR , RAJESH GUPTA , WEI-CHIANG HONG , AND RAVI SHARMA",IEEE Access,Capes,75,-,Estados Unidos,"Artigos de Notícia rotulados como fake ou real (""news articles"")",6335,"Empresarial, saúde, entretenimento, ciência, e tecnologia",-,-,"A desinformação influencia diretamente o comportamento eleitoral e ameaça instituições democráticas. - A desinformação impacta psicologicamente os indivíduos com problemas relcionado a stress, ansiedade e depressão.  - Diminui a  credibilidade da mídia tradicional","Modelos baseados em Deep Learning (DL): RNN, GAN, CNN, EANN.   -  Estratégias para intervir em tempo real com base no comportamento e papel de cada usuário na rede, punindo usuários que postam fake news",,
Juan,"Chat Apps and Cascade Logic: A Multi-Platform Perspective on India, Mexico, and the United States - Jacob Gursky, Martin J. Riedl, Katie Joseff, Samuel Woolley, 2022",doi:10.1177/20563051221094773,2022," Jacob Gursky, Martin J. Riedl, Katie Joseff
 and Samuel Woolley",Social Media + Society,Capes,39,"WhatsApp, Telegram e Signal"," Índia, México e Estados Unidos","
O estudo é baseado em entrevistas aprofundadas",-,Outro,"criptografia, impossibilidade de moderação, amplo alcance","Mudança para o Populismo de Direita, 
Problemas Existentes de Desinformação, Comunidades da Diáspora","Perpetuação de Violência e Desinformação, Manipulação de Esforços Políticos, Impacto e Manipulação Eleitoral",-,"Restrição de Funcionalidades de Compartilhamento pelas Plataformas, ",
Juan,Detection of False Information in Spanish Using Machine Learning Techniques | SpringerLink,10.1007/978-3-031-21753-1_5,2022,"Arsenii Tretiakov, Alejandro Martín, David Camacho",Lecture Notes in Computer Science,Capes,4,"WhatsApp, Telegram, Facebook,Twitter, YouTube",Espanha,"Para a análise, foi coletado um corpus único de diferentes tipos de informações e afirmações falsas. Este corpus foi dividido em dois tipos: notícias VERDADEIRAS e FALSAS.","No total, o experimento foi conduzido com 2.742 amostras de fakes e 2.750 de notícias verdadeiras","Política, saúde e outros",-,"Ações de partidos políticos, Pressão social e mobilização, 
Informações oficiais confusas, Intenção de criar confusão e teorias da conspiração","Influência em processos políticos, Impacto na saúde pública, Criação de confusão e polarização, Aumento de discurso de ódio",Modelo de Machine Learning (ML) ajustado (fine-tuned BERT),-,
Juan,Fake face image detection using feature network | International journal of health sciences,10.53730/ijhs.v6nS5.9310,2022,"D Jayaram, M Venu Gopalachari, S. Rakesh, J Shiva Sai, e G Kiran Kumar",International Journal of Health Sciences,Capes,3,"Instagram, Whatsapp, Facebook, Snapchat e Twitter",Índia,"imagens de rostos, divididas em categorias de imagens reais e imagens falsas",-,Outro,velocidade do fluxo de dados,-,"Incitação de multidões, Sabotagem da credibilidade de políticos",uma estrutura de rede neural modificada chamada Fake Feature Network (FFN) -  um classificador e aprendizado pareado (pairwise learning) para a detecção de imagens falsas,-,
Juan,Full article: Misinformation and professional news on largely unmoderated platforms: the case of telegram,Herasimenka03042023,2023,"Aliaksandr Herasimenka, Jonathan Bright, Aleksi Knuutila, Philip N.
 Howard",Journal of Information Technology & Politics,Capes,48,Telegram,Estados Unidos,O estudo baseou-se em um conjunto de dados de acesso aberto (open-access dataset) ,317 milhões de mensagens do Telegram de 28.000 canais públicos,Outro,"Moderção de Conteúdo Limitada, Afilições de Transmissão ""Um para Muitos"" (Canais), ","
Empacotamento Sensacionalista e Emocional do Conteúdo, Engajamento Partidário, ","
Deterioração da Confiança Institucional e Democrática, 
Intensificação de Conflitos e Tensões, ",-,-,
Juan,Implementing A Passive Aggressive Classifier To Detect False Information,lajurkar2023implementing,2023,"Alkesh S. Lajurkar, Abhijeet R. Rupune, Madhubala N. Lahabar, Akanksha S. Umak, Prof. A. U. Chaudhari",International Journal of Advanced Research in Computer and Communication Engineering (IJARCCE),Capes,3," Facebook, WhatsApp, Instagram e Twitter",Índia?,"As notícias autênticas foram obtidas através do rastreamento (crawling) do site Reuters.com, enquanto as notícias fraudulentas foram coletadas de uma variedade de fontes não confiáveis que foram relatadas por Politifact (uma organização de verificação de fatos) e Wikipedia",-,Outro,"devido às suas características de baixo custo, facilidade de uso, acessibilidade e disponibilidade","as pessoas, apesar de serem ""constantemente sobrecarregadas com informações"", ""carecem das ferramentas, experiência e habilidades necessárias para verificá-las""","impacto na percepção da verdade e na confiança, ",Modelo de Classificador Passivo-Agressivo com Classificação de Texto TfidfVectorizer para combater notícias falsas,-,
Juan,Journal of Medical Internet Research - Medical and Health-Related Misinformation on Social Media: Bibliometric Study of the Scientific Literature,info:doi/10.2196/28152,2022,"Andy Wai Kan Yeung, Anela Tosevska, Elisabeth Klager, Fabian Eibensteiner, Christos Tsagkaris, Emil D Parvanov, Faisal A Nawaz, Sabine Völkl-Kernstock, Eva Schaden, Maria Kletecka-Pulker, Harald Willschke,  Atanas G Atanasov",Journal of Medical Internet Research,Capes,150,"Twitter, YouTube e Facebook",Estados Unidos,"Para realizar a análise, os pesquisadores acessaram o banco de dados eletrônico Web of Science Core Collection e o PubMed para identificar artigos científicos relevantes",-,Saúde,-,"Sensacionalismo e deturpação de informações científicas, 
Influência de figuras sociais sem conhecimento especializado, Tópicos polarizadores, 
""Câmaras de eco"" e viés de confirmação, Desconfiança em profissionais médicos, Conteúdo factual minoritário, ","Deterioração de programas de vacinação, Reaparecimento de doenças preveníveis por vacina, Criação de confusão e desconfiança, Propagação de rumores, estigma e teorias da conspiração, Impacto na saúde mental","Moderação de plataformas e consulta a especialistas, Educação do usuário e verificação de informações, ",-,
Juan,Misinformation messages shared via WhatsApp in Mexico during the COVID-19 pandemic: an exploratory study | Health Promotion International | Oxford Academic,10.1093/heapro/daad041,2023,"Veronika J. Wirtz, Gabriel Millán-Garduño, Jennifer Hegewisch-Taylor, Anahi Dreser, Andrea Anaya-Sanchez, Tonatiuh T. González-Vázquez, Ricardo Escalera, Pilar Torres-Pereda",Health Promotion International,Capes,9,WhatsApp,México,"Seis autores da equipe de pesquisa coletaram todas as mensagens de WhatsApp relacionadas à COVID-19 que receberam em seus WhatsApps pessoais, bem como de seus contatos e redes sociais, no período de 18 de março a 30 de junho de 2020",106 mensagens de WhatsApp,Saúde,"
Criptografia e natureza privada","Uso de mídias sociais não regulamentadas como fonte de informação, Homofilia em mídias sociais, 
Susceptibilidade à desinformação, ","Baixa adesão a recomendações sanitárias, Redução do conhecimento sobre COVID-19, Danos à saúde e bem-estar, Contribuição para a desconfiança nas autoridades, Impacto político","Colaboração com organizações não-governamentais (ONGs) e fact-checking, vigilância governamental",A Metafact's na Índia está usando PNL para identificar e combater a desinformação,
Marcos,A Dataset of Fact-Checked Images Shared on WhatsApp During the Brazilian and Indian Elections | Proceedings of the International AAAI Conference on Web and Social Media,Reis_Melo_Garimella_Almeida_Eckles_Benevenuto_2020,2020,"Julio C. S. Reis,Philipe Melo,Kiran Garimella,‡Jussara M. Almeida,Dean Eckles,‡Fabr ́ıcio Benevenuto",Proceedings of the international AAAI conference on web and social media,Capes,83,Whatsapp,"Brasil (BR)
Índia (IN)",Algoritmo PDQ para comparar imagens checadas por fact-check e as imagens coletadas em grupos públicos do WhatsApp,"Imagens:
34k - Brasil
810k - Índia",(Política),Criptografia e ambiente fechado; Acesso via grupos públicos; Predominância de imagens,Contextos político-eleitorais; Consequências violentas; Vulnerabilidade regional,Violência física; Manipulação democrática; Erosão institucional,Dataset para detecção automática; Limitação de encaminhamentos,Fact-checking colaborativo; Restrições técnicas,
Marcos,COMMENT: Narrative-based misinformation in India about protection against Covid-19: Not just another “moo-point”,hurford2022narrative,2022,"Hurford, Beth, Rana, Abhishek and Sachan, Rohan",Indian journal of medical ethics,Capes,7,"WhatsApp, Facebook",Índia,"Análise narrativa, uso de eventos noticiados, revisão da literatura",-,"Saúde, cultura e política",Uso intenso de redes sociais como WhatsApp e Facebook; Maior engajamento com fontes falsas do que com fontes confiáveis; Amplificação por figuras públicas em redes sociais,Crenças culturais e religiosas enraizadas; Endosso por líderes políticos e religiosos; Polarização e desinformação vinda do Estado; Raciocínio motivado,Risco direto à saúde e à vida; Violação de direitos humanos; Perda de confiança nas autoridades e políticas públicas; Ampliação do contágio pela adoção de práticas ineficazes;,Campanhas de informação pública; Criação de força-tarefa nacional; Chatbots e unidades de checagem,Uso da mídia tradicional pelo governo; Chatbot oficial para disseminação de informações corretas,
Marcos,Discursive strategies for disinformation on WhatsApp and Twitter during the 2018 Brazilian presidential election | First Monday,recuero2021discursive,2021,"Raquel Recuero, Felipe Bonow Soares, Otávio Vinhas",First Monday,Capes,46,"(WhatsApp, Twitter)",Brasil (BR),Banco de dados construído a partir de grupos públicos,"WhatsApp: 101.255 mensagens
Twitter: 3.557.448 tweets",(Política),"WhatsApp como ambiente fechado e privado; Diferenças de affordances entre plataformas; Baixa possibilidade de checagem pública no WhatsApp; Recurso de compartilhamento viral via incentivo direto; Estrutura emocional das mensagens no WhatsApp (emojis, urgência)","Alta polarização política; Campanha desinformativa coordenada por atores políticos; Uso do WhatsApp em grandes grupos públicos com pouca interação, mas muito compartilhamento; ",Desconfiança no sistema eleitoral; Prejuízo à democracia e instituições públicas; Reflexo após as eleições,O artigo é analítico e não apresenta soluções concretas.,São mencionadas ações pontuais externas às plataformas: A remoção de vídeos por ordem judicial; Verificação por agências de fact-checking,
Marcos,Hold Your Fingers: The Communication Ethics on WhatsApp Based on the Hadith | Hasanah | Jurnal Komunikasi: Malaysian Journal of Communication,hasanah2023hold,2023,USWATUN HASANAH BUSRO BUSRO,Jurnal Komunikasi: Malaysian Journal of Communication,Capes,1,WhatsApp,Indonésia (IDN),Coleta direta de mensagens de WhatsApp,217 mensagens,(Saúde),Funcionalidade de encaminhamento em massa; Ambiente fechado e não moderado; Facilidade de compartilhamento multimodal,Comportamento acrítico dos usuários; Tendências emocionais e demográficas; Desconfiança institucional e religiosa;; Analfabetismo digital,Riscos à saúde pública; Conflitos sociais e desestabilização; Erosão da confiança institucional,O artigo propõe um framework ético baseado no Hadith: Silêncio como proteção; Compartilhamento seletivo; Investigação obrigatória,"O artigo menciona ações limitadas do WhatsApp, como limitações técnicas, mas não cita nenhuma outra medida interna (como IA ou parcerias). A ênfase está em soluções comportamentais dos usuários, não em ferramentas da plataforma.",
Marcos,WhatsApp and audio misinformation during the Covid-19 pandemic | Profesional de la información,cardoso2022whatsapp,2022,Gustavo Cardoso; Rita Sepúlveda; Inês Narciso,iscte-iul,Capes,15,WhatsApp,Não aborda um país específico,Não utiliza coleta própria de dados,-,Saúde,"O artigo detalha várias características internas do WhatsApp que favorecem a disseminação de desinformação, tais como: Criptografia e falta de moderação; Dificuldade de rastreamento e atribuição de autoria; Formatos variados e facilidade de uso; Popularização do áudio como formato emocional e íntimo; Sensação de segurança e credibilidade por vir de contatos conhecidos",Baixa literacia textual e científica; Urgência por informação e incerteza durante a pandemia; Falta de clareza na comunicação governamental; Confiança no emissor mais do que no conteúdo,Criação de alarme social e desconfiança institucional; Circulação de conteúdo enganoso sobre tratamentos e vacinas; Dificuldade de checagem e rastreamento; Mortalidade causada por desinformação,"O artigo menciona algumas iniciativas, mas não propõe soluções novas: Checagem de fatos por agências especializadas (Polígrafo e Observador); Limitações impostas pelo WhatsApp ao encaminhamento de mensagens",Limitação de encaminhamentos e avisos aos usuários; Ação de plataformas de fact-checking e cobertura jornalística,
Renan,A hierarchical network-oriented analysis of user participation in misinformation spread on WhatsApp - ScienceDirect,NOBRE2022102757,2022,"Gabriel Peres Nobrea, Carlos H. G. Ferreiraa,b,c, Jussara M. Almeida","Information Processing & Management
Volume 59, Issue 1, January 2022, 102757",Capes,58,WhatsApp,Brasil,Dataset de nensagens do WhatsApp,155 grupos públicos de WhatsApp,(Política),"Novamente, como é uma plataforma que preza a criptografia de ponta a ponta e grupos interligados por usuários em comum, que funcionam como ponte de conteúdo. O encaminhamento rápido de mensagens, a dificuldade de rastreamento e a ausência de mecanismos nativos de checagem de fatos criam um ambiente propício à viralização de informações falsas. Além disso, o anonimato relativo dos usuários, a recirculação de conteúdo antigo e a distribuição desigual da atividade — com poucos usuários sendo responsáveis por grande parte da desinformação — tornam o WhatsApp um canal eficaz e opaco para campanhas coordenadas de desinformação.",,,,,
Renan,"Analyzing Misinformation Claims During the 2022 Brazilian General Election on WhatsApp, Twitter, and Kwai",hale2024analyzing,2024,"Scott A. Hale , Adriano Belisario, Ahmed Nasser Mostafa, Chico Camargo","International Journal of Public Opinion Research, 36, edae032",Capes,8,"WhatsApp, Twitter, e Kwai",Brasil,Multiplos,"53,8 milhões de tweets(2022); 23.737 posts no Kwai de 13.068 usuários(2022); 49.422 mensagens do WhatsApp(2022)",(Política),,,,,,
Renan,COVID-19-Related Social Media Fake News in India,al2021covid,2021,Md. Sayeed Al-Zaman,"Journal. Media 2021, 2(1), 100-114",Capes,120,,India,"125 notícias falsas analisadas por meio de conteúdo de um site de fact-checking (AltNews), com codificação manual por dois pesquisadores.","125 fake news relacionadas à COVID-19, coletadas entre 29 de janeiro e 11 de abril de 2020.","Tópico dos dados: Saúde (67%), religiopolítica e política (24%); foco na pandemia da COVID-19.","WhatsApp aparece como um dos canais principais para disseminação, favorecido pelo anonimato, rapidez de circulação de conteúdo multimídia e ausência de moderação automática eficaz.","O estudo destaca baixa literacia midiática, desconfiança institucional, tensão social durante a pandemia e polarização religiosa como fatores externos que alimentam a propagação de fake news.","A desinformação gerou pânico social, aumento da ansiedade, negação de tratamento médico a minorias religiosas e disseminação de curas falsas, prejudicando gravemente a saúde pública.","Sugere filtragem e monitoramento de conteúdos, produção de informações confiáveis por autoridades de saúde e uso de estratégias de fact-checking; cita intervenções como “accuracy nudges” (sugestões de veracidade).","Cita iniciativas voluntárias de fact-checking e ações de redes sociais para remover conteúdos falsos, embora ressalte que medidas governamentais na Índia (como corte da internet) são ineficazes e problemáticas.",
Renan,Detection of fake images on whatsApp using socio-temporal features,kaur2022detection,2022,"M Kaur, P Daryani, M Varshney, R Kaushal","
Social Network Analysis and Mining
 Volume 12, article number 58, (2022) ",Capes,2,,India/Brasil,"Conjunto de dados real de imagens e metadados compartilhados em grupos públicos de WhatsApp na Índia e no Brasil, durante eleições.","~810 mil imagens (Índia: 84.928 imagens), compartilhadas por ~63 mil usuários ao longo de 2,5 meses.",Política; desinformação visual durante o período eleitoral.,"WhatsApp permite criptografia de ponta a ponta, compartilhamento massivo e anonimato, dificultando a verificação de conteúdo visual e rastreio da origem.","Cenário político polarizado, uso estratégico de imagens falsas por grupos organizados, e baixo letramento visual/digital dificultam a checagem crítica dos usuários.","Foco é técnico, mas aponta que imagens falsas durante eleições afetam a opinião pública, minam a confiança no processo eleitoral e amplificam conflitos ideológicos.","Sim: propõe um modelo de machine learning baseado em características temporais e contextuais sociais (usuários e grupos) para detectar imagens falsas, com até 71% de acurácia.","Não detalha ações das plataformas diretamente, mas sugere que soluções como verificação via hash local e modelos baseados em redes sociais são promissores e compatíveis com criptografia.",
Renan,Don’t Break the Chain: Measuring Message Forwarding on WhatsApp | Proceedings of the International AAAI Conference on Web and Social Media,Melo_Hoseini_Zannettou_Benevenuto_2024,2024,"P de Freitas Melo, M Hoseini, S Zannettou, F Benevenuto",Proceedings of the International AAAI Conference on Web and Social Media,Capes,6,WhatsApp,Brasil,"Coleta direta de dados em 1.101 grupos públicos de WhatsApp no Brasil com foco em política, durante o período eleitoral de 2022.","~10 milhões de mensagens; 1,86 milhão de mídias únicas; ~2,5 milhões de mensagens encaminhadas.",Política; desinformação e virais durante as eleições presidenciais brasileiras de 2022.,"A criptografia ponta a ponta, anonimato, facilidade de reencaminhamento e a falha da plataforma em identificar todos os conteúdos virais (59% dos casos não recebem o selo “Forwarded Many Times”) favorecem a viralização sem controle.","Usuários politicamente engajados compartilham intencionalmente conteúdos manipulados; há instruções explícitas para burlar os limites da plataforma (ex: copiar e colar ao invés de encaminhar), e baixa literacia digital contribui para o consumo acrítico.",,,,
Renan,Fake News Detection With the Help of Computation Time to Increase Accuracy | IGI Global Scientific Publishing,umamaheswari2023fake,2023,"P Umamaheswari, N Umasankari, S Samuel",Risk Detection and Cyber Security for the Success of Contemporary Computing,Capes,1,-,-,-,-,Combate,,,,,,
Renan,"Predicting the Veracity of Fake Information on Smart Media for Reducing Misinformation Diffusion by Isha Agarwal, Dipti P. Rana, Anjali S. More :: SSRN",agarwal2018predicting,2018,"Isha Agarwal a , Dr. Dipti P. Ranab , Anjali S. More",International Journal of Computational Intelligence & IoT,Capes,86,Twitter,India,Usou conjunto de dados real coletado do Twitter (tweets com links para notícias verdadeiras e falsas).," 9.270 tweets (4.635 verdadeiros + 4.635 falsos), balanceado.","Política, mídia e desinformação geral.","Ambiente com alta viralização via retweets, ausência de checagem automática e liberdade excessiva de postagem.","População com pouco senso crítico, polarização política e consumo acrítico de conteúdo digital.","Manipulação política (como nas eleições), desconfiança nas mídias tradicionais e efeitos psicológicos na população.","Modelo híbrido com IA (content + user + network-based) para detectar veracidade de tweets; uso de ML (ex: Simple Logistic, SVM, etc.).","Ferramentas como TweetCred, TwitterTrails, Hoaxy e RumorLens que rastreiam, classificam ou avaliam credibilidade de conteúdo.",
Renan,Using Blockchain to Rein in the New Post-Truth World and Check the Spread of Fake News,8764081,2019,"Adnan Qayyum, Junaid Qadir, Muhammad Umar Janjua, and Falak Sher","IT Professional ( Volume: 21, Issue: 4, 01 July-Aug. 2019)",Capes,162,Facebook e WhatsApp,Paquistão,Não,Não,"Política, mídia e desinformação em geral.","Características internas das plataformas que favorecem o espalhamento de desinformação:
Newsfeeds personalizados e bolhas de filtro reforçam vieses e dificultam checagem da veracidade","Polarização ideológica, viés de confirmação e uso de bots para influenciar opiniões políticas.","Manipulação de eleições, linchamentos por boatos (ex.: Índia), ataques à democracia e à segurança","Framework baseado em blockchain com smart contracts, reputação evolutiva e verificação semântica","Iniciativas como Google News Initiative, Solid, e blockchain para rastrear e autenticar conteúdo.",
Renan,WhatsApp Monitor: A Fact-Checking System for WhatsApp | Proceedings of the International AAAI Conference on Web and Social Media,Melo_Messias_Resende_Garimella_Almeida_Benevenuto_2019,2019,"Philipe Melo,Johnnatan Messias,Gustavo Resende,Kiran Garimella,Jussara Almeida,Farbr ́ıcio Benevenuto",Vol. 13 (2019): Thirteenth International AAAI Conference on Web and Social Media,Capes,86,WhatsApp,Brasil,,,,,,,,,
Ana Flávia,A First Look at COVID-19 Messages on WhatsApp in Pakistan,9381360,2020,"R. Tallal Javed; Mirza Elaaf Shuja; Muhammad Usama; Junaid Qadir; Waleed Iqbal; Gareth Tyson
","Conferencia: International Conference on Advances in Social Network Analysis and Mining, ASONAM",IEEE,27,WhatsApp e Twitter,Paquistão,Coletaram mensagens de 227 grupos do WhatsApp e o Twitter,"5039 mensagens de texto, 2308 imagens relacionadas e  800,000 tweets com # sobre Covid",Saúde (Covid-19),"Como o WhatsApp é uma plataforma fechada, sem moderação de conteúdo ou verificação de fatos por terceiros, é esperado que a desinformação dure mais tempo. ",A polarização política e o contexto da pandemia,"Impactos na saúde, falando sobre sintomas incorretos de Covid e tratamentos ineficazes.",-,,
João Francisco,Unsupervised WhatsApp Fake News Detection using Semantic Search,9120902,2020,"J Gaglani, Y Gandhi, S Gogate, A Halbe", International Conference on ent Computing and Control Systems (ICICCS) ,IEEE,37,Whatsapp,-,mensagens de 10 grupos usando 3 contas diferentes,1000 mensagens,Combate,criptografia,-,"polarização, tensões étnicas/culturais, pânico, histeria em massa",detector automatizado com NLP e transformers (78% de acurácia),limite de forward,
Juan,Analyzing Public Opinion and Misinformation in a COVID-19 Telegram Group Chat,9291476,2020,"Lynnette Hui Xian Ng, Jia Yuan Loke",IEEE,IEEE,64,Telegram,Singapura,"Os autores utilizaram uma abordagem de coleta de mensagens diretamente de um grupo público do Telegram (""SG Fight COVID-19"") usando a API Telethon Python",48.050 mensagens de 10.765 usuários,Saúde,"combinação de grandes tamanhos de grupo, visibilidade parcial e anonimato"," maneira inoportuna e desordenada como a informação é compartilhada, falta de comunicação pública unificada e coerente","risco para a saúde pública e a ação pública, Mesmo informações que são classificadas como verdadeiras podem causar alarme se forem compartilhadas de maneira inoportuna e desordenada",comunicação de saúde pública unificada e coerente,-,
Renan,A Survey on Role of Machine Learning and NLP in Fake News Detection on Social Media,9573875,2021,"C Agrawal, A Pandey, S Goyal","International Conference on Computing, Power and Communication Technologies (GUCON)",IEEE,11,-,-,,,Combate,,,,,,
Renan,Content Characteristics and Transmission Strategies of Social Media Rumors in China: Big Data Analysis of WeChat Rumors,8963026,2019,"Lingnan He, Jing Gu, Dan Li, Kaisheng Lai","6th International Conference on Behavioral, Economic and Socio-Cultural Computing (BESC)
",IEEE,3,WeChat,China,artigos sobre rumores,2175 artigos,Combate,,,,,,
Ana Flávia,Assessing the Validity of Health Messages Used by the Saudi Public in WhatsApp,Alfaris31122023,2023,"Eiad Alfaris, Yasser Alhazzani, Abdullah Alkhenizan, Farhana Irfan, Naif Almoneef, Nada Alyousefi, Huda Alfaris, Khitam Alodhaibi, Abdullah M A Ahmed","Patient Preference and Adherence, 17 edição",PubMed,0,WhatasApp,Arábia Saudita,Coletaram as mensagens,"326 mensagens enviadas por estudantes, que foram classificadas por profissionais sobre sua confiabilidade",Saúde (Covid-19),"As plataformas sociais contêm uma enorme quantidade de informação, o que torna difícil filtrar informações falsas ou imprecisas, que podem impactar negativamente a saúde pública, tornando as mensagens de saúde nas redes sociais potenciais indicadores de infodemiologia.","dois terços da população saudita preferem as redes sociais como fonte de informação sobre saúde, especialmente o WhatsApp, que representa 90% da taxa de uso.",Informações imprecisas podem impactar negativamente a saúde pública,"Investir mais em alfabetização em saúde (health literacy) pode ser mais eficaz do que tentar desmentir cada fake news.Alianças científicas com empresas de redes sociais podem formar grupos consultivos (think tanks) para monitorar e validar conteúdos.As mensagens educativas devem ser adaptadas ao perfil do público-alvo, considerando valores culturais, fatores cognitivos, emocionais e contextuais. As organizações de saúde devem usar as redes sociais para dialogar com os pacientes, e não apenas para divulgar mensagens. Deve-se monitorar ativamente a comunicação em saúde nas principais redes sociais, e direcionar os usuários a fontes confiáveis como o Ministério da Saúde ou o site da OMS.",,
Ana Flávia,Countering misinformation via WhatsApp: Preliminary evidence from the COVID-19 pandemic in Zimbabwe,10.1371/journal.pone.0240005,2020,"Jeremy BowlesID1, Horacio LarreguyID1*, Shelley LiuID2"," PLOS ONE, volume 15, número 10",PubMed,148,WhatsApp,Zimbabue,Os dados estão relacionados ao espelhamento de mensagens verdadeiras e como isso afetou positivamente,27.000 assinantes de listas de transmissão; 868 responderam à pesquisa experimental (resposta via WhatsApp ou Qualtrics).,Saúde (Covid-19),O WhatsApp é amplamente usado no Zimbábue por causa do baixo custo e anonimato. Seu caráter fechado e viral facilita a propagação de desinformação.,A desconfiança nas autoridades e a percepção pública de que a COVID-19 não era uma ameaça real contribuíram para o não cumprimento das medidas de prevenção.,Comportamentos prejudiciais como desrespeito ao isolamento e crença em curas falsas foram associados à circulação de fake news.,"Sim, o artigo apresenta evidência de que mensagens de uma fonte confiável (ONG Kubatana) no WhatsApp aumentaram o conhecimento e reduziram comportamento de risco (0,26σ a mais em conhecimento; 30 pontos percentuais a menos em não cumprimento).",Não menciona,"Embora o WhatsApp seja frequentemente identificado como um meio de rápida disseminação de desinformação, mostramos que Organizações da Sociedade Civil (OSCs) confiáveis podem utilizar o WhatsApp com sucesso para corrigir equívocos e modificar comportamentos relacionados."
Ana Flávia,COVID-19-Associated Misinformation Across the South Asian Diaspora: Qualitative Study of WhatsApp Messages,info:doi/10.2196/38607,2023,"Anjana E Sharma,Kiran Khosla,Kameswari Potharaju,Arnab Mukherjea,Urmimala Sarkar",JMIR Infodemiology 2023 (Jan 05); 3:,PubMed,8,WhatsApp,"A diáspora do Sul Asiático, definida como comunidades com origem em Bangladesh, Butão, Índia, Maldivas, Nepal, Paquistão e Sri Lanka","Coletaram, através de pessoas enviando, 55 mensagens de texto, imagens ou vídeos ","96, mas 55 que atendiam aos critérios",Saúde,"As mensagens no WhatsApp são facilmente encaminhadas, com capacidade limitada de identificar o autor original ou verificar os fatos, o que facilita a disseminação da desinformação.","A desinformação sobre a COVID-19 persiste devido a uma “tempestade perfeita” de incertezas sobre a doença, intenções maliciosas de agentes com interesses políticos ou comerciais, e boas intenções de membros da comunidade com baixa literacia em saúde ou mídia ","A desinformação, ou seja, informações falsas e imprecisas, representa um grande desafio à saúde pública durante a pandemia da COVID-19",,,
Ana Flávia,Demographic Factors Influencing the Impact of Coronavirus-Related Misinformation on WhatsApp: Cross-sectional Questionnaire Study,info:doi/10.2196/19858,2021,"Jay Amol Bapaye
Harsh Amol Bapaye","JMIR Novel Coronavirus (COVID-19)  Vol 7, No 1 (2021): January",PubMed,73,WhatsApp,Índia,"Não houve um dataset, foi utilizado um questionário",,,,O contexto da Covid19 e a presença de um link ou fonte na mensagem aumentava sua credibilidade — mesmo que a mensagem fosse falsa. O estudo identificou que usuários com mais de 65 anos eram os mais vulneráveis à desinformação sobre a COVID-19 no WhatsApp.,Risco à saúde,,,
Helom,COVID-19 Information Dissemination Using the WeChat Communication Index: Retrospective Analysis Study,info:doi/10.2196/28563,2021,"Zina Fan, Wenqiang Yin, Han Zhang, Dandan Wang, Chengxin Fan, Zhongming Chen, Jinwei Hu, Dongping Ma, Hongwei Guo",Journal of Medical Internet Research (JMIR),PubMed,25,WeChat,China,publicações relacionadas à COVID-19,1621 publicações,saúde (covid),não discute características internas da plataforma, O artigo menciona fatores sociais como a demanda pública por informações durante crises,"A introdução destaca os perigos de boatos e informações falsas durante a pandemia, afirmando que, sem o devido controle. Também enfatiza o papel da informação precisa em medidas de saúde",O estudo sugere estratégias como a disseminação de informações autoritativas e com apelo emocional,,
Helom,Debunking highly prevalent health misinformation using audio dramas delivered by WhatsApp: evidence from a randomised controlled trial in Sierra Leone,winters2021debunking,2021,"Maike Winters , Ben Oppenheim , Paul Sengeh, Mohammad B Jalloh, Nance Webber, Samuel Abu Pratt, Bailah Leigh, Helle Molsted-Alvesson,1Zangin Zeebari, Carl Johan Sundberg, Mohamed F Jalloh ,Helena Nordenstedt",BMJ Global Health,PubMed,28,WhatsApp,Serra Leoa,Coleta de dados via pesquisas ,736 participantes,Saúde,não discute características internas da plataforma,O acesso limitado a ferramentas de diagnóstico. Os mitos acerca das doenças ,"No texto fala como exemplo o uso indevido de medicações, tanto o uso de forma exagerada tanto o uso de placebos ","Na pesquisa foram usadas duas formas de combate: Refutação explícita, onde era abordados os mitos de forma direta. Correção implícita, apenas fornecia as informações corretas. O primeiro método se mostrou mais eficiente","o estudo usou o WhatsApp para entregar as radionovelas. No entanto, não discute mudanças no na plataforma",
Helom,Fake News and vaccine hesitancy in the COVID-19 pandemic in Brazil,galhardi2022fake,2022,"Cláudia Pereira Galhardi

Neyson Pinheiro Freire

Maria Clara Marques Fagundes

Maria Cecília de Souza Minayo

Isabel Cristina Kowal Olm Cunha",Fiocruz,PubMed,47,"WhatsApp, Facebook, Instagram",Brasil,"Denuncias  voluntarias enviadas ao aplicativo ""Eu Fiscalizo""","253 registros de fake news relacionados à vacina de COVID (registros do aplicativo ""Eu fiscalizo"")",Saúde (covid),"o artigo destaca que plataformas de mídias sociais são canais primários de desinformação devido à sua natureza viral e aos algoritmos que priorizam o engajamento. Ele observa que as fake news se espalham 70% mais rápido que notícias verdadeiras, impulsionadas por conteúdos emocionais (como teorias da conspiração)","o artigo identifica fatores sociais como polarização política (ex: retórica antivacina de certos políticos), baixa alfabetização midiática",destaca a dminuição a adesão à vacina e a manipulação política,"menciona colaborações com verificadores de fatos (como o app Eu Fiscalizo e parcerias com pesquisadores), mas não propõe mudanças sistêmicas nas plataformas",não discute mudanças nas plataformas,
Helom,Misinformation on social networks during the novel coronavirus pandemic: a quali-quantitative case study of Brazil,biancovilli2021misinformation,2021,"Priscila Biancovilli, Lilla Makszin, Claudia Jurberg",BMC Public Health (Open Access Journal),PubMed,58,"Facebook (principal), WhatsApp",Brasil,Dados de 232 notícias falsas verificadas pela Agência Lupa,232 peças de desinformação,Saúde,"o artigo  cita problemas como a facilidade de compartilhamento em massa no Facebook e WhatsApp, e a falta de regulação no conteúdo publicado. Além disso, menciona que o WhatsApp é particularmente problemático devido à natureza privada de seus grupos","o artigo menciona fatores externos, como a postura negacionista do governo brasileiro durante a pandemia, que contribuiu para a disseminação de desinformação. Também destaca a cultura de automedicação e a desconfiança nas instituições públicas como facilitadores.","o artigo descreve impactos graves, como a invasão de hospitais por seguidores de teorias da conspiração, a automedicação perigosa com cloroquina e a desconfiança generalizada nas medidas de saúde pública.","artigo não propõe soluções diretas, mas sugere que comunicadores científicos e educadores em saúde devem aumentar sua presença nas redes sociais com conteúdo baseado em evidências para combater a desinformação.","O artigo menciona que o Facebook tentou implementar políticas contra notícias falsas, mas não detalha outras medidas específicas.",
Helom,Social Media and the Influence of Fake News on Global Health Interventions: Implications for a Study on Dengue in Brazil,gagnon2023social,2023,"Marie-Catherine Gagnon-Dufresne, Mayana Azevedo Dantas, Jean Souza dos Anjos, Kellyanne Abreu Silva, Delano Pessoa Carneiro Barbosa, Rebeca Porto Rosa, William de Luca,
Monica Zahreddine, Andrea Caprara, Valéry Ridde, KateZinszer","Int. J. Environ. Res. Public Health (IJERPH), 2023",PubMed,18,WhatsApp,Brasil,Relato de caso baseado em observação de campo,Sem base numérica,Saúde,"o texto destaca que o WhatsApp, por ser uma plataforma fechada, criptografada e de rápida disseminação, facilita a propagação de desinformação.","Fatores como desigualdade social, desconfiança generalizada nas instituições públicas e polarização política no Brasil criam um ambiente propício para a desinformação.","A desinformação prejudicou a implementação de intervenções de saúde baseadas em evidências, como o estudo COESA, no qual fake news levaram à resistência da comunidade e à interrupção da pesquisa.","O artigo sugere estratégias como desenvolver planos de comunicação robustos, envolver líderes comunitários desde o início dos projetos e melhorar a comunicação de riscos.","A única medida mencionada é a proibição, pelo Tribunal Superior Eleitoral brasileiro, do envio de mensagens em massa para fins eleitorais no WhatsApp",
Helom,"The Electoral Misinformation Nexus: How News Consumption, Platform Use, and Trust in News Influence Belief in Electoral Misinformation",10.1093/poq/nfae019,2024," Camila Mont’Alverne, Benjamin Toff, Amy Ross Arguedas, Sayan Banerjee, Richard Fletcher
Rasmus Kleis Nielsen
","Public Opinion Quarterly (Oxford University Press, 2024)",PubMed,13,WhatsApp,Brasil,42 milhões de cliques (em links e aplicativos de monitoramento) + 4 surveys,2200 usuários rastreados,Política,O artigo não se concentra em características técnicas específicas das plataformas,Cita problemas como polarização polarização política e o declínio da confiança nas autoridades,"Problemas de 'erosion of trust', violencia política e um ciclo vicioso de desconfiança, pois as fake news diminuem o poder de combate às fake news "," o artigo não propõe soluções técnicas, focando-se mais no fortalecimento de fontes confiáveis","A única medida mencionada é a proibição, pelo Tribunal Superior Eleitoral brasileiro, do envio de mensagens em massa para fins eleitorais no WhatsApp",
João Francisco,A deep dive into COVID-19-related messages on WhatsApp in Pakistan,javed2022deep,2022,"RT Javed, M Usama, W Iqbal, J Qadir, G Tyson",Social Network Analysis and Mining,PubMed,38,Whatsapp,Paquistão,Mensagens de grupos públicos de whatsapp (emw),"23.6K mensagens, 6.6k imagens","Politica, Saúde","Impossibilidade de moderação global, pouco poder de admins de grupo","NÃO DISCUTE, Põe em dúvida se polarização afeta (fig 5)","Impactos na saúde (curas falsas, desconfiança vacinas...), Conspirações",-,-,14% média desinfo
João Francisco,Hot Topic Recognition of Health Rumors Based on Anti-Rumor Articles on the WeChat Official Account Platform: Topic Modeling,info:doi/10.2196/45019,2023,"Z Li, X Wu, L Xu, M Liu, C Huang",Journal of Medical Internet Research,PubMed,8,WeChat,China,Dataset autoral através de crawler,9366 artigos,Outro,"""Natureza fechada do wechat""","Ansiedade perante a crises, falta de conhecimento em saúde pessoal","Pânico social, atraso de tratamentos, erosão da confiança em instituilções","Implementação de autenticação de usuários com nomes reais para envio de informações sobre saúde, filtragem assistida por IA e auditada manualmente, fact-checking mais forte por contas oficiais",Contas oficiais divulgam informações corretas,
João Francisco,Mechanism of WeChat's Impact on Public Risk Perception During COVID-19,Zhuang31122021,2021,"Yue Zhuang , Tiantian Zhao & Xuanrong Shao",Risk Management and Healthcare Policy ,PubMed,12,WeChat,China,Survey,801 respostas,Saúde,-,,,,,
Juan,COVID-19 Infodemic: A study on the Fragile Five countries,https://doi.org/10.1002/pa.2846,2023,Merve Boyacı Yıldırım,Journal of Public Affairs,PubMed,3,"Facebook, Twitter e WhatsApp ","Turquia, Brasil, Índia, Indonésia e África do Sul",Os dados do estudo foram obtidos do banco de dados CoronaVirusFacts da International Fact-checking Network (IFCN).,"1.734 peças de desinformação: 198 são da Turquia, 136 da Indonésia, 619 da Índia, 741 do Brasil e 40 da África do Sul",Saúde,"densidade das redes de comunicação, No caso do WhatsApp, a base de uso pessoal","Ambientes de incerteza e estresse, Falta inicial de informação de qualidade","
Danos à saúde física e mental, 
Obstáculo a comportamentos saudáveis, Pânico e interrupções econômicas, Xenofobia","Aumento da consciência pública, Prevenção da disseminação de desinformação, Cooperação entre governos e provedores de tecnologia, Obrigações legais para fontes de notícias, Melhoria da alfabetização midiática, Suporte e cooperação com organizações de verificação de fatos","Fact-checking, Direcionamento de usuários para fontes confiáveis, 
Serviços de refutação de notícias falsas",
Juan,"COVID-19, a tale of two pandemics: novel coronavirus and fake news messaging",10.1093/heapro/daaa140,2021,"Nelson A. Atehortua, Stella Patino",Health Promotion International,PubMed,115,"Facebook, Twitter, WhatsApp e YouTube","EUA, Espanha, Reino Unido, Itália","O estudo utilizou uma amostra de conveniência de mensagens de fake news (FNM), memes, tweets ou desenhos em várias línguas. As mensagens eram publicamente disponíveis e acessíveis aos pesquisadores através de redes pessoais e profissionais internacionais. ",total de 342 COVID-19 FNM (mensagens de fake news relacionadas à COVID-19),Saúde,"A natureza das ""mensagens instantâneas"", ""Engenharia de wormhole"", Uso de contas falsas e redes maliciosas","Amplificação por figuras públicas e políticos, Uso intencional por grupos políticos e extremistas, Perda de confiança nos sistemas de saúde e mídia genuína, Desconexão entre governos e autoridades de saúde","Criação de confusão na comunidade, Erosão da credibilidade da mídia genuína, Comportamentos imprevisíveis, pânico e hostilidade, Impactos na saúde mental, Comportamentos compulsivos","
Ajustar intervenções de promoção e educação em saúde, Conscientização sobre a qualidade da informação, Recuperar a confiança e desenvolver capacidade de verificação de fatos","
O artigo apenas menciona a função ""Pesquisar na Web"" do WhatsApp, ",
Juan,Dynamics of social corrections to peers sharing COVID-19 misinformation on WhatsApp in Brazil,10.1093/jamia/ocab219,2021,"Santosh Vijaykumar, DanielT.Rogerson, Yan Jin, Mariella Silva de Oliveira Costa",Journal of the American Medical Informatics Association,PubMed,37,WhatsApp,Brasil,O conjunto de dados utilizado foi obtido através de uma pesquisa online transversal (cross-sectional online survey) realizada com adultos brasileiros usando a plataforma Qualtrics,-,Saúde,"Criação de Grupos, Redes de Pequeno Mundo e Confiança Social","Níveis de Escolaridade e Idade, Crença em Desinformação, ","Obstrução de Comportamentos Preventivos e Agitação Social, Risco à Credibilidade Institucional, Impacto nos Programas de Vacinação","Fortalecer a qualidade da Informação, Incentivar a Busca por Informações Precisas, Desenvolver Pensamento Crítico e Avaliação de Mensagens, Aproveitar o Poder da Correção Social",-,
Juan,How people interact with a chatbot against disinformation and fake news in COVID-19 in Brazil: The CoronaAI case,ABONIZIO2023105134,2023,"Hugo Queiroz Abonizio, Ana Paula Ayub da Costa Barbon, Renne Rodrigues, Mayara Santos, Vicente Martínez-Vizcaíno, Arthur Eumann Mesas, Sylvio Barbon Junior
",International Journal of Medical Informatics,PubMed,11,WhatsApp,Brasil,O conjunto de dados utilizado para a análise compreende as interações dos usuários com o chatbot CoronaAI,7.000 interações,Saúde e outros,-,"
Dificuldade em encontrar e compreender informações válidas, Infodemia, Pânico na população, ","Deterioração do discurso público e decisões informadas, Impacto na vida e saúde das pessoas, Pânico na população","A principal solução é o CoronaAI, um chatbot desenvolvido com a tecnologia Dialogflow do Google, disponibilizado no WhatsApp",-,
Juan,Wildfire-Like Effect of a WhatsApp Campaign to Mobilize a Group of Predominantly Health Professionals With a University Degree on a Health Issue: Infodemiology Study,info:doi/10.2196/17051,2020,"Vanja Kopilaš, Srećko Gajović",Journal of Medical Internet Research,PubMed,8,WhatsApp,Croácia," Foi realizada uma análise retrospectiva dos dados do grupo de WhatsApp, onde as mensagens trocadas foram coletadas, anonimizadas e analisadas quanto ao seu tempo e conteúdo",133 mensagens,"Saúde, cultura e política","imediatismo, privacidade e uso gratuito","Ausência de conversas não-virtuais na vida real,","Influência em atitudes e comportamentos, Ausência de debate crítico e diversidade de opinião, ",-,-,
Marcos,"Everyday non-partisan fake news: Sharing behavior, platform specificity, and detection",10.3389/fpsyg.2023.1118407,2023,"Mark P. Shephard1, David J. Robertson, Narisong Huhe1 and Anthony Anderson2",Frontiers in Psychology,PubMed,15,"(Facebook, Twitter, Instagram, and WhatsApp)",United Kingdon (UK),Pesquisa qualitativa (perguntas) com 100 participantes,-,"(Economy, Europe, Immigration, Scotland, Crime, Health, Education) ","Não especificado diretamente.
O artigo analisa preferências de plataforma, mas não detalha funcionalidades técnicas. Destaca que ambientes privados como WhatsApp têm menor compartilhamento",Instabilidade emocional; Intenções paradoxais; Baixa capacidade de detecção,Saúde pública; Polarização implícita; Erosão do discernimento,Intervenções comportamentais; Intervenções por plataforma/tema,Não mencionado,
Marcos,A Relationship-Centered and Culturally Informed Approach to Studying Misinformation on COVID-19,doi:10.1177/2056305120948224,2020,Pranav Malhotra,Social Media+ Society,PubMed,78,"(WhatsApp, Facebook, Twitter)",Estados Unidos (US),Entrevistas realizadas com os líderes comunitários,-,"(Política, Saúde)",Criptografia e ambiente privado; Intimidade relacional; Limitações técnicas,Hierarquias culturais; Ansiedade e pânico; Dinâmicas de poder,Riscos à saúde pública; Violação de medidas sanitárias; Tensões intergeracionais,Correção relacional culturalmente sensível; Abordagem centrada no usuário,"Ineficácia de medidas técnicas: Limitação de encaminhamentos
Sem novas iniciativas reportadas",
Marcos,Antecedents and Consequences of Misinformation Sharing Behavior among Adults on Social Media during COVID-19,doi:10.1177/21582440221147022,2023,"Ammara Malik, Faiza Bashir, and Khalid Mahmood",Sage Open,PubMed,40,"(WhatsApp, Facebook, Twitter, Instagram, YouTube)",estudo mundial?,Revisão Sistemática da Literatura,-,"(Política, Saúde, Economia, Educação)",Algoritmos que priorizam engajamento; Funcionalidades de compartilhamento rápido; Ausência de verificação integrada,Fatores demográficos; Condições socioeconômicas; Polarização política; Ansiedade coletiva; Motivações psicológicas,Saúde pública; Crise psicológica; Erosão institucional; Sobrecarga de sistemas de saúde,Não há propostas técnicas específicas,Não mencionado.,
Marcos,Covid-19 Protesters and the Far Right on Telegram: Co-Conspirators or Accidental Bedfellows?,doi:10.1177/20563051221129187,2022,"Cliona Curley, Eugenia Siapera, Joe Carthy",Social Media+ Society,PubMed,29,Telegram,Irlanda (IE),Mensagens e posts coletados de grupos/canais do Telegram relacionados a protestos contra medidas da COVID-19,330.688 posts,"(Política, Saúde)",O Telegram possui políticas de moderação muito permissivas; A plataforma oferece suporte à comunicação em massa e anonimato,Crescimento da extrema-direita e convergência ideológica com negacionistas da COVID-19; Censura nas plataformas tradicionais levou à migração para o Telegram,Organização de protestos violentos e ações coordenadas contra medidas sanitárias; Ameaças a figuras públicas e mobilizações baseadas em informações falsas,"Não. O artigo é descritivo e investigativo, sem apresentar propostas práticas de solução","Plataformas tradicionais (Facebook, YouTube, Twitter) têm tomado ações de moderação, como remoção de conteúdo e contas; O governo irlandês pediu formalmente ações contra desinformação",
Marcos,Exploratory study of the hoaxes spread via WhatsApp in Spain to prevent and/or cure COVID-19,moreno2022exploratory,2022,"Carolina Moreno-Castro, Empar Vengut-Climent, Lorena Cano-OrónIsabel, Mendoza-Poudereux",Gaceta sanitaria,PubMed,46,WhatsApp,Espanha (ES),Mensagens recebidas via WhatsApp,"2.353 mensagens recebidas
584 foram validadas como boatos
126 boatos foi analisada em detalhe",(Saúde),Ambiente privado e não verificável; Disseminação rápida e sem controle,Viés psicológico e autoridade médica falsa;,Riscos à saúde pública e atraso no tratamento médico,"O artigo limita-se a descrever a coleta de bulos via parceria com agência de fact-checking, mas não propõe soluções concretas",O estudo não cita ações implementadas pelo WhatsApp. A única ação relatada é a validação externa por pesquisadores e agências,
Marcos,The importance of social media users' responses in tackling digital COVID-19 misinformation in Africa,doi:10.1177/20552076221085070,2022,Ruth Stewart Andile Madonsela Nkululeko Tshabalala Linda Etale Nicola Theunissen,Digital Health,PubMed,36,"(WhatsApp, Twitter)","Países africanos em geral
Foco específico na Nigéria e África do Sul",Postagens no Facebook e Twitter,-,"Saúde, Política e Social",Criptografia que impede moderação; Velocidade e falta de controle central; Confiança em redes pessoais,Baixa alfabetização em saúde; Ansiedade e polarização; ,Danos físicos e mortes; Crise econômica; Danos psicológicos e políticos,"O artigo identifica estratégias, mas ressalta falta de evidências: Falta de eficácia comprovada; Campanhas para ""self-efficacy to detect misinformation""","Fact-checking reativo; Ações de usuários: Apenas 5% reportam desinformação a verificadores; 15,9% deletam mensagens falsas; Parcerias institucionais",
Renan,Fact or Fake? An analysis of disinformation regarding the Covid-19 pandemic in Brazil,galhardi2020fact,2020,"Cláudia Pereira Galhardi 
Neyson Pinheiro Freire 
Maria Cecília de Souza Minayo 
Maria Clara Marques Fagundes","
Ciencia & saude coletiva, 2020•SciELO Public Heal",PubMed,142,"WhatsApp/App ""Eu Fiscalizo""",Brasil,"Coleta de conteúdo feita por meio de denúncias espontâneas de usuários via o aplicativo “Eu Fiscalizo”, analisadas por pesquisadores.",154 fake news reportadas entre 17 de março e 10 de abril de 2020.,"Saúde — desinformação sobre COVID-19, incluindo curas falsas","Coleta de denúncias espontâneas feitas por usuários no aplicativo “Eu Fiscalizo” e análise dos conteúdos identificados como fake news, o aplicativo referencia o WhatsApp","154 conteúdos de fake news sobre a COVID-19, reportados entre 17 de março e 10 de abril de 2020.","Saúde — COVID-19, incluindo desinformações sobre curas milagrosas, medidas de prevenção, deslegitimação de instituições e teorias conspiratórias.","Sugere ampliar a educação científica e crítica da população e promover a produção e disseminação de informações confiáveis, mas não propõe soluções tecnológicas.",O próprio App é a ferramenta de combate a desinformação,
Juan,How Official Social Media Affected the Infodemic among Adults during the First Wave of COVID-19 in China,liu2022official,2022,"Huan Liu, Qiang Chen, Richard Evans", International Journal of Environmental Research and Public Health,PubMed,12,WeChat e Tencent QQ,China,Os dados foram coletados através de questionários online (survey) enviados eletronicamente,total de 1398 respostas válidas,Saúde,-,"Baixo conhecimento público sobre a doença, Aumento significativo no consumo de notícias, Dificuldade para os cidadãos identificarem fontes confiáveis, Ansiedade e distúrbios no processamento de informações, rejeição da mídia social oficial do governo, "," Impacto negativo na saúde e bem-estar, Causa ansiedade em massa e pânico social, Impede a gestão eficaz de crises, Causa sérias dificuldades no gerenciamento da doença, Afeta o estado psicológico dos cidadãos,","Melhorar a qualidade da informação (IQ) das contas oficiais de mídia social, Guiar e promover o uso de sites e contas oficiais de saúde pública, Contas oficiais de mídia social devem servir de exemplo, Governos locais devem formular regras para regular a disseminação de informações pandêmicas por contas de mídia social privadas"," Contas oficiais de mídia social desempenharam um papel importante na disseminação de informações autoritárias sobre a COVID-19, o que resultou em uma redução da incerteza",
Helom,A real-time platform to monitoring misinformation on telegram,claudino2023real,2023,"Ivandro Claudino, Thiago Gadelha, Tiago Vinuto, José Wellington Franco, José Maria Monteiro and Javam Machado",25th International Conference on Enterprise Information Systems (ICEIS 2023),Scholar,2,Telegram,Brasil,msgs de grupos de telegram,513.961 mensagens,Política(Eleições),a criação de canais e grupos e a falta de moderação,menciona a polarização política como impulsionadora,fala principalmente sobre a manipulação no periódo eleitoral,apresenta uma plataforma para o monitoramento das mensagens,"cita coisas para monitoramento como bots e até uma plataforma própria, mas isso externo ao telegram",
Helom,Collective social correction: addressing misinformation through group practices of information verification on WhatsApp,Kligler-Vilenchik07022022,2022,Neta Kligler-Vilenchik,Digital Journalism (Taylor & Francis),Scholar,47,WhatsApp,Israel,"Mensagens de um grupo de WhatsApp
O grupo era voltado para discussões políticas

",101.351 mensagens,Politica,"O artigo destaca a natureza privada e semiprivada do WhatsApp, que favorece uma comunicação íntima e pode facilitar a desinformação devido ao seu ambiente criptografado","O artigo discute a polarização social e o viés político como fatores que agravam a desinformação. Por exemplo, descreve como a desconfiança em fontes como jornalistas","O artigo descreve a desinformação como disfuncional do ponto de vista democrático. Cita exemplos como a desinformação sobre vacinas da COVID-19 e o incidente do tiroteio em Tel Aviv, onde circularam alegações falsas sobre as vítimas","práticas de verificação baseadas em grupo, como checagem de fatos, verificação de fontes e responsabilização discursiva.",,
Helom,FakeWhastApp. BR: NLP and Machine Learning Techniques for Misinformation Detection in Brazilian Portuguese WhatsApp Messages.,cabral2021fakewhastapp,2021,"Lucas Cabral

José Maria Monteiro

José Wellington Franco da Silva

César Lincoln Mattos

Pedro Jorge Chaves Mourão","ICEIS 2021 – 23rd International Conference on Enterprise Information Systems
",Scholar,18,WhatsApp,Brasil,"Mensagens de grupos públicos de WhatsApp, com temas políticos, coletadas durante as eleições brasileiras de 2018","Foram coletadas inicialmente 282.601 mensagens, das quais um subconjunto de 5.284 mensagens “virais” (ou seja, repetidas ao menos uma vez e com mais de 5 palavras) foi rotulado manualmente quanto à presença de desinformação",Política,o artigo destaca a funcionalidade de grupos do WhatsApp (até 256 usuários) e o encaminhamento de mensagens como características centrais que facilitam a disseminação rápida de desinformação,o artigo foca principalmente em métodos técnicos de detecção,"menciona de forma geral os danos como a erosão da confiança nas informações, ameaças à democracia e riscos à saúde pública","o artigo avalia classificadores baseados em 'NLP'para detecção de desinformação em mensagens do WhatsApp. Também propõe abordagens futuras multimodais que combinem análise de texto e mídia.
",não discute mudança na plataforma,
Helom,Research of fake news spreading through WhatsApp,khurana2019research,2019,"Pooja Khurana, Deepak Kumar, Sanjeev Kumar","IJITEE – International Journal (Índia, 2019)",Scholar,8,WhatsApp,India,"Modelo matemático (SIR), sem coleta de dados reais",Não tem,Geral,"o artigo destaca características, como o sistema de criptografia de ponta a ponta, que dificulta o monitoramento e a regulação do conteúdo compartilhado. Além disso, menciona a facilidade de compartilhamento em massa e a formação de grupos","o artigo menciona fatores externos, como a falta de conscientização dos usuários e o aumento do acesso a smartphones e internet de baixo custo na Índia, que contribuem para a disseminação de desinformação.",Não aborda diretamente ,"O artigo sugere que os usuários do WhatsApp verifiquem a veracidade das notícias antes de compartilhá-las, mas não propõe soluções sistêmicas",O artigo não menciona nenhuma medida específica aplicada pelo WhatsApp,
João Francisco,"Addressing misinformation on WhatsApp in India through intermediary liability policy, platform design modification, and media literacy",10.5325/jinfopoli.10.2020.0276,2020,"B Medeiros, P Singh",Journal of Information Policy,Scholar,20,Whatsapp,Índia,Não usou,-,Política,Criptografia,"Tensões culturais pré-existentes, Polarização política, Baixa taxa de alfabetização","Violência (linchamentos), impactos na saúde, manipulação de eleições","Campanhas de alfabetização digital, Jornalismo cidadão","Modificação do forwarding, Banir usuários que nunca passam tempo digitando (apenas colam), Banir usuários ",
João Francisco,Can WhatsApp benefit from debunked fact-checked stories to reduce misinformation?,reis2020whatsappbenefitdebunkedfactchecked,2020,"J Reis, PF Melo, K Garimella, F Benevenuto",PREPRINT,Scholar,65,Whatsapp,"Brasil, India",,,Combate,Criptografia,-,"panico social, linchamentos, afeta o processo democrático",Arquitetura de fact-checking,-,
João Francisco,Sharing fake news about health in the cross-platform messaging app WhatsApp during the COVID-19 pandemic: A pilot study,pinheiro2020sharing,2020,"DA Pinheiro, MGL De Araújo, KB De Souza, BDS Campos, EM De Oliveira, RSM Lima",International Journal of Scientific Research and Management,Scholar,9,Whatsapp,Brasil,mensagens de 250 grupos,31 mensagens falsas,Saúde,"criptografia, comunicação baseada em grupos","nível de educação do usuário, parentes tem maior frequencia de compartilhamento, faixa etária","crescimento do movimento antivax, uso de ""remédios milagrosos""",sugere que profissionais podem ajudar mas não elabora,,
Juan,Social media and fake news in Nigeria: A speech act analysis of WhatsApp messages on coronavirus,Owojecho_2021,2021,Godwin Ayigbo Owojecho, Studies in Pragmatics and Discourse Analysis,Scholar,8,WhatsApp,Nigéria,mensagens de WhatsApp relacionadas à Covid-19 que circularam na Nigéria. O método foi a coleta de mensagens encaminhadas,5 mensagens de WhatsApp,Saúde,-,"
Falta de acesso à verdade e ambiente de incerteza, Crenças e teorias da conspiração preexistentes, Credulidade e falta de evidências verificáveis, Polarização e sentimentos divisivos",Incitação e fomento de sentimentos negativos; Aumento de divisões sociais ,-,-,
Marcos,"Information, misinformation, and disinformation about COVID-19: A content study of closed-cross platform messaging using Whatsapp",verma2020information,2020,"Amit Verma, Maninder Kumar Singh, Dr. Aditi Pareek",International Journal of Advance Science and Technology,Scholar,10,WhatsApp,Índia,Mensagens recebidas no WhatsApp,476 mensagens,Saúde,"O WhatsApp, sendo uma plataforma de mensagens instantâneas com forte presença global, possui diversas funcionalidades (texto, foto, vídeo, áudio, documentos, localização) e permite rápida disseminação de conteúdo. Isso, combinado ao seu uso massivo e ao caráter privado/fechado das mensagens, favorece a circulação de desinformação.","A tendência da população em acreditar cegamente nas mensagens recebidas; baixa criticidade da população; uso de figuras de autoridade (ex: governo, médicos, políticos) como fonte da desinformação; contexto de medo e incerteza sobre a pandemia.","Mortes causadas por desinformação (ex: caso de sequestro na Índia); uso político da desinformação em eleições no Brasil; propagação de pânico, medo e violência nas comunidades.",A criação do chatbot “MyGov Corona Helpdesk” pelo governo indiano como uma tentativa de combater rumores e fornecer informações corretas via WhatsApp,"O WhatsApp adotou uma abordagem colaborativa com o governo indiano através do chatbot, além de conselhos gerais sobre como identificar desinformação. Embora não detalhado, o artigo sugere que há esforços das plataformas para combater a desinformação",
Marcos,Unraveling WhatsApp group dynamics to understand the threat of misinformation in messaging apps,doi:10.1177/14614448231199247,2025,Antonis Kalogeropoulos Patrícia Rossini,New Media & Society,Scholar,5,WhatsApp,Não foca em um país específico,Coleta de notícias falsas sobre COVID-19 a partir de sites de checagem de fatos,3.169 notícias falsas,"Saúde, Política e Conspirações",O artigo detalha várias características internas do WhatsApp que favorecem a desinformação como Grupos com participantes desconhecidos (no-tie) e a criptografia e privacidade.,Custo baixo de acesso na população do Sul Global; Alto uso de WhatsApp para consumo de notícias em países como Brasil e Índia; Polarização e uso político da plataforma; Elites políticas usando o app para disseminar desinformação,Criação de um público engajado e desinformado; Possível manipulação política e eleitoral; Violência social em alguns contextos,Limitação de encaminhamento de mensagens; Sinalização de mensagens encaminhadas várias vezes;,Correções sociais entre os usuários; Mecanismos da própria plataforma,
Renan,Audio misinformation on WhatsApp: A case study from Lebanon,el2022audio,2022,"Azza El-Masri, Martin J. Riedl, Samuel Woolley ","Harvard Kennedy School (HKS) Misinformation Review, 3(4).",Scholar,13,WhatsApp,Líbano,,66 mensagens de voz coletadas; 35 classificadas como desinformação após verificação manual.," Crise econômica, COVID-19, explosão no porto de Beirute, conflitos sectários e o movimento de protesto de 2019.","Whatsapp é uma plataforma de circulos de informação de alta confiança, aúdios são carregados com sentimentos etratados como outras formas de conteúdo, caem sobre restrição dde propagação(fowarding)","A crise política e econômica no Líbano, o colapso da mídia tradicional e a confiança maior nas redes sociais que na imprensa incentivam o uso do WhatsApp como fonte primária de informação, mesmo quando falsa.","Mensagens falsas provocam pânico, medo, raiva, incentivam teorias da conspiração e perpetuam a divisão sectária. São usadas para desacreditar movimentos populares e criar climas de medo.",Propõe que o entendimento da estrutura dessas mensagens pode ajudar fact-checkers e designers de ferramentas a detectar e combater a desinformação via áudio.,Menciona a política de encaminhamento do WhatsApp,
Juan,Images and misinformation in political groups: Evidence from WhatsApp in India,garimella2020imagesmisinformationpoliticalgroups,2020,"Kiran Garimella, Dean Eckles",-,Scholar,3,WhatsApp ,Índia," conjunto de dados coletado diretamente de mensagens de grupos públicos do WhatsApp, especificamente focando em imagens", total de 1.6 milhão de imagens foi coletado,Política,,,,,,
Renan,Teens' motivations to spread fake news on WhatsApp,doi:10.1177/2056305120942879,2020,"P Herrero-Diz, J Conde‐Jimene, S Reyes de Cozar","Social Media + Society
July-September 2020: 1–14",Scholar,8,WhatsApp ,Espanha,Coleta direta via questionário aplicado em papel a adolescentes em escolas da Andaluzia (Espanha); não envolve scraping ou dados de rede social.,480 adolescentes entre 14 e 18 anos,"Fake news em geral, foco em política","WhatsApp é uma plataforma de circulos de informação fechados, confiança entre usuários e dá credibilidade a inforrmação.  linguagem alarmista pra gerar engajamento","Adolescentes nao tem discernimento e maturidade pra lidar com certos tópicos sérios, a credibilidade geralment4e está associada ","O artigo indica que adolescentes compartilham fake news achando que estão informando, o que contribui para sua propagação","Defende a alfabetização midiática crítica desde cedo como solução efetiva, com foco em educação formal.",Não ,